inches,battery,ram(GB),weight(g),storage(GB),price(USD),brand_encoded,os_encoded,battery_type_encoded,video_720p_encoded,video_1080p_encoded,video_4K_encoded,video_8K_encoded,video_30fps_encoded,video_60fps_encoded,video_120fps_encoded,video_240fps_encoded,video_480fps_encoded,video_960fps_encoded,resolution_encoded
5.0,2200,2,140.0,16,120.0,3,8,1,1,0,0,0,1,0,0,0,0,0,71
5.3,2700,2,140.0,16,100.0,4,12,0,0,1,0,0,1,0,0,0,0,0,71
5.2,3000,4,147.0,16,420.0,3,12,0,0,1,0,0,1,0,0,0,0,0,0
5.5,4100,4,165.0,32,150.0,12,10,1,1,1,0,0,1,0,1,0,0,0,0
5.1,3200,4,145.0,32,420.0,3,12,0,1,1,1,0,1,1,0,0,0,0,0
5.0,2300,3,143.0,32,140.0,10,12,0,0,1,0,0,1,0,0,0,0,0,71
5.2,3000,4,146.0,32,420.0,3,12,1,0,1,0,0,1,0,0,0,0,0,0
5.5,3750,6,165.0,64,170.0,3,12,0,1,1,1,0,1,1,0,0,0,0,43
6.0,2700,4,188.0,32,250.0,10,12,0,0,1,0,0,1,0,0,0,0,0,0
5.5,4500,2,164.0,16,170.0,4,12,0,1,1,0,0,1,0,0,0,0,0,71
5.5,4100,4,165.0,16,130.0,12,10,1,1,1,0,0,1,0,1,0,0,0,0
5.2,2900,4,161.0,32,220.0,10,14,0,1,1,1,0,1,1,0,0,0,1,0
5.46,3230,4,195.0,64,320.0,10,14,0,1,1,1,0,1,1,0,0,0,1,66
5.5,2620,2,180.0,16,110.0,10,12,0,0,1,0,0,1,0,0,0,0,0,71
5.2,2900,3,147.0,32,250.0,7,8,0,0,1,0,0,1,0,0,0,0,0,71
6.0,4000,6,185.0,64,250.0,7,9,0,1,1,1,0,1,0,0,0,0,0,0
5.0,2800,2,172.0,16,350.0,9,12,0,0,1,0,0,1,0,0,0,0,0,71
5.5,3300,2,167.0,16,170.0,9,13,0,0,1,0,0,1,0,0,0,0,0,71
6.2,3500,6,173.0,64,350.0,9,12,0,1,1,1,0,1,1,1,1,0,0,45
5.0,2500,2,143.0,8,170.0,4,11,0,1,0,0,0,1,0,0,0,0,0,68
5.0,3000,2,150.0,16,280.0,3,10,0,0,1,0,0,1,0,0,0,0,0,71
5.3,2800,5,141.0,16,160.0,4,12,0,0,1,0,0,1,0,0,0,0,0,71
5.15,3350,6,168.0,64,330.0,12,15,1,1,1,1,0,1,0,1,0,0,0,0
5.0,3000,2,150.0,16,240.0,3,10,0,0,1,0,0,1,0,0,0,0,0,71
5.5,4000,2,165.0,16,90.0,3,12,0,0,1,0,0,1,0,0,0,0,0,71
5.5,3340,4,169.0,64,160.0,3,12,1,0,1,0,0,1,0,0,0,0,0,0
5.0,2950,4,143.0,64,140.0,3,12,1,0,1,0,0,1,0,0,0,0,0,0
5.0,2200,1,175.0,8,230.0,3,10,0,1,0,0,0,1,0,0,0,0,0,68
4.5,2050,1,143.0,8,240.0,9,25,0,1,0,0,0,1,0,0,0,0,0,67
6.44,5300,4,211.0,32,200.0,12,15,0,1,1,1,0,1,0,1,0,0,0,0
5.0,4100,4,150.0,16,110.0,12,11,1,0,1,0,0,1,0,0,0,0,0,71
5.7,3080,2,150.0,32,90.0,4,12,0,0,1,0,0,1,0,0,0,0,0,0
5.5,3200,4,153.0,64,250.0,7,9,0,0,1,0,0,1,0,0,0,0,0,0
5.2,4100,2,166.0,32,180.0,4,12,0,0,1,0,0,1,0,0,0,0,0,0
5.5,3200,4,153.0,64,250.0,7,9,0,0,1,0,0,1,0,0,0,0,0,0
5.5,3000,6,150.0,64,250.0,7,15,1,1,1,1,0,1,0,0,0,0,0,0
6.0,4000,6,188.0,64,250.0,7,15,1,1,1,1,0,1,0,0,0,0,0,0
5.7,3300,4,179.0,32,200.0,9,12,0,0,1,0,0,1,0,0,0,0,0,0
5.5,3600,3,181.0,16,130.0,9,12,0,0,1,0,0,1,0,0,0,0,0,0
5.5,3600,3,181.0,16,200.0,9,12,0,0,1,0,0,1,0,0,0,0,0,0
5.2,3000,3,160.0,16,80.0,9,12,0,0,1,0,0,1,0,0,0,0,0,71
5.5,4000,3,165.0,32,130.0,3,12,0,0,1,0,0,1,0,0,0,0,0,71
5.5,3200,4,148.0,64,250.0,7,14,0,0,1,0,0,1,0,0,0,0,0,0
5.2,3000,4,146.0,32,110.0,4,12,0,1,1,1,0,1,1,1,0,0,0,43
5.5,3000,4,149.0,16,200.0,4,15,1,0,1,0,0,1,0,0,0,0,0,1
3.8,1950,3,165.0,16,430.0,9,10,0,0,1,0,0,1,0,0,0,0,0,67
5.7,3200,4,167.0,64,200.0,9,15,0,1,1,1,0,1,1,1,1,0,0,43
5.0,3020,2,145.0,16,250.0,3,12,0,0,1,0,0,1,0,0,0,0,0,71
4.6,2700,4,140.0,32,300.0,10,17,0,1,1,1,0,1,1,0,0,0,1,71
5.8,4000,4,208.0,64,500.0,9,12,0,1,1,1,0,1,1,1,1,0,0,45
5.5,3430,4,189.0,32,150.0,10,12,0,0,1,0,0,1,0,0,0,0,0,0
5.5,4000,4,180.0,32,200.0,5,15,1,0,1,0,0,1,0,0,0,0,0,0
6.3,3300,6,195.0,64,210.0,9,15,0,1,1,1,0,1,1,1,1,0,0,45
6.0,3300,4,158.0,64,200.0,4,16,1,1,1,1,0,1,1,1,0,0,0,44
5.2,2700,4,155.0,64,260.0,10,17,0,1,1,1,0,1,1,0,0,0,1,0
5.5,3080,4,165.0,32,170.0,12,16,1,1,1,1,0,1,0,1,0,0,0,0
5.2,3000,3,137.0,16,480.0,7,14,0,0,1,0,0,1,0,0,0,0,0,71
5.99,3400,8,185.0,64,410.0,12,14,0,1,1,1,0,1,0,1,0,0,0,1
5.5,3500,6,163.0,64,280.0,12,14,0,1,1,1,0,1,0,1,0,0,0,0
5.2,4000,3,165.0,32,200.0,5,15,1,0,1,0,0,1,0,0,0,0,0,71
5.5,3000,4,180.0,32,550.0,9,14,0,0,1,0,0,1,0,0,0,0,0,0
5.2,4000,4,165.0,32,180.0,5,15,1,0,1,0,0,1,0,0,0,0,0,0
4.7,1821,2,148.0,64,210.0,0,26,0,1,1,1,0,1,1,1,1,0,0,82
5.8,2716,3,174.0,64,280.0,0,27,0,1,1,1,0,1,1,1,1,0,0,21
6.01,3200,4,153.0,64,260.0,7,15,1,1,1,1,0,1,0,0,0,0,0,1
6.0,3200,6,152.0,32,150.0,7,15,0,0,1,0,0,1,0,0,0,0,0,1
5.2,2620,3,154.0,16,168.0,10,14,0,0,1,0,0,1,0,0,0,0,0,71
6.0,4000,6,178.0,64,150.0,3,17,1,1,1,1,0,1,1,0,0,0,0,1
5.9,4000,4,186.0,64,180.0,3,17,1,1,1,1,0,1,1,0,0,0,0,43
4.7,2000,1,130.0,8,500.0,9,12,0,1,0,0,0,1,0,0,0,0,0,70
5.9,3340,4,164.0,64,300.0,3,12,0,0,1,0,0,1,0,0,0,0,0,1
6.0,4000,6,178.0,256,190.0,3,17,1,1,1,1,0,1,1,0,0,0,0,1
5.0,2700,4,143.0,64,610.0,1,17,0,1,1,1,0,1,1,1,1,0,0,0
6.0,3520,4,175.0,64,520.0,1,17,0,1,1,1,0,1,1,1,1,0,0,44
5.5,3080,4,153.0,32,140.0,12,16,0,0,1,0,0,1,0,0,0,0,0,71
6.0,3200,4,152.0,32,400.0,7,14,0,0,1,0,0,1,0,0,0,0,0,1
6.43,4000,6,182.0,64,310.0,7,15,1,1,1,1,0,1,0,0,0,0,0,1
5.5,3080,2,150.0,16,90.0,12,12,0,0,1,0,0,1,0,0,0,0,0,71
10.1,7000,2,500.0,32,170.0,5,12,0,0,1,0,0,1,0,0,0,0,0,25
5.0,3000,3,137.0,16,100.0,12,16,0,0,1,0,0,1,0,0,0,0,0,71
6.0,3340,6,169.0,64,230.0,3,17,1,1,1,1,0,1,0,0,0,0,0,1
5.7,3300,4,157.0,16,160.0,12,16,1,0,1,0,0,1,0,0,0,0,0,72
5.7,3000,3,153.0,16,200.0,5,12,0,0,1,0,0,1,0,0,0,0,0,72
5.65,3000,4,143.0,32,450.0,3,17,1,0,1,0,0,1,0,0,0,0,0,1
5.6,3000,4,172.0,32,230.0,9,15,0,0,1,0,0,1,0,0,0,0,0,2
6.0,3500,6,191.0,32,120.0,9,15,0,0,1,0,0,1,0,0,0,0,0,2
5.65,3000,4,149.0,32,190.0,2,17,1,0,1,0,0,1,0,0,0,0,0,1
6.0,3580,4,221.0,32,260.0,10,17,0,1,1,1,0,1,0,0,0,0,0,0
5.7,3180,4,143.0,16,500.0,7,14,0,0,1,0,0,1,0,0,0,0,0,72
5.2,3300,3,171.0,32,200.0,10,17,0,1,1,1,0,1,0,0,0,0,0,0
5.0,2410,2,139.0,16,200.0,4,16,0,0,1,0,0,1,0,0,0,0,0,71
5.3,3000,2,172.0,32,500.0,4,12,0,0,1,0,0,1,0,0,0,0,0,71
5.0,2600,2,153.0,16,250.0,9,14,0,0,1,0,0,1,0,0,0,0,0,70
5.5,3300,3,178.0,32,140.0,10,15,0,0,1,0,0,1,0,0,0,0,0,71
5.0,2870,4,168.0,64,430.0,10,17,0,1,1,1,0,1,1,0,0,0,1,1
6.0,3300,6,158.0,128,100.0,4,17,1,1,1,1,0,1,1,1,0,0,0,44
5.3,3000,3,162.0,16,140.0,4,16,0,0,1,0,0,1,0,0,0,0,0,71
5.99,4000,4,180.0,32,180.0,12,16,1,1,1,1,0,1,1,0,0,0,0,1
5.2,3000,3,137.0,16,280.0,7,14,0,0,1,0,0,1,0,0,0,0,0,71
5.0,2500,2,152.0,16,70.0,4,16,0,1,1,0,0,1,0,0,0,0,0,71
5.99,4000,6,181.0,64,180.0,12,16,1,0,1,0,0,1,0,0,0,0,0,1
5.8,3000,4,163.0,64,300.0,9,17,0,1,1,1,0,1,1,1,1,0,1,45
6.2,3500,6,189.0,64,120.0,9,17,0,1,1,1,0,1,1,1,1,0,1,45
5.7,3180,6,198.0,64,360.0,10,17,0,1,1,1,0,1,1,0,0,0,1,1
5.99,3400,8,191.0,64,270.0,12,17,0,1,1,1,0,1,1,1,1,0,0,1
5.99,4000,6,181.0,32,180.0,12,17,1,0,1,0,0,1,0,0,0,0,0,1
5.7,3180,4,143.0,32,180.0,7,15,0,0,1,0,0,1,0,0,0,0,0,72
6.28,3450,8,175.0,128,450.0,7,19,1,1,1,1,0,1,0,0,0,0,0,7
6.28,3430,6,180.0,128,320.0,7,19,1,1,1,1,0,1,1,1,1,0,0,7
5.5,3300,3,170.0,32,370.0,9,12,0,0,1,0,0,1,0,0,0,0,0,0
5.93,4000,4,170.0,32,600.0,3,17,0,0,1,0,0,1,0,0,0,0,0,1
5.7,3000,3,155.0,16,150.0,5,17,0,0,1,0,0,1,0,0,0,0,0,72
5.7,3000,3,160.0,32,150.0,5,14,0,1,0,0,0,1,0,0,0,0,0,72
5.99,3000,2,155.0,16,200.0,3,17,0,0,1,0,0,1,0,0,0,0,0,72
5.7,3000,4,155.0,32,230.0,5,17,1,1,1,1,0,1,0,0,0,0,0,1
5.99,3000,4,155.0,32,170.0,3,17,0,0,1,0,0,1,0,0,0,0,0,72
5.0,2500,2,140.0,16,180.0,4,16,0,0,1,0,0,1,0,0,0,0,0,71
6.23,3400,6,158.0,64,580.0,7,19,0,0,1,0,0,1,0,0,0,0,0,7
5.99,3000,3,155.0,32,220.0,3,17,0,0,1,0,0,1,0,0,0,0,0,72
6.0,4000,6,183.0,256,240.0,3,19,1,1,1,1,0,1,1,0,0,0,1,44
5.84,3000,4,145.0,32,150.0,3,17,1,0,1,0,0,1,0,0,0,0,0,7
6.1,4000,8,180.0,64,150.0,3,19,1,1,1,1,0,1,1,0,0,0,1,3
5.8,3400,6,165.0,64,170.0,3,19,1,1,1,1,0,1,1,0,0,0,1,3
5.7,3000,3,150.0,16,330.0,3,17,0,0,1,0,0,1,0,0,0,0,0,72
5.7,3000,3,150.0,16,410.0,3,17,0,0,1,0,0,1,0,0,0,0,0,72
5.8,3540,6,236.0,64,460.0,10,17,0,1,1,1,0,1,1,0,0,0,1,66
5.5,3000,4,174.0,32,420.0,9,17,0,0,1,0,0,1,0,0,0,0,0,71
5.7,3000,3,150.0,16,120.0,2,17,1,0,1,0,0,1,0,0,0,0,0,72
6.2,3400,4,159.0,128,280.0,7,19,0,0,1,0,0,1,0,0,0,0,0,7
5.99,4000,8,190.0,64,400.0,12,17,0,1,1,1,0,1,0,1,0,0,0,1
6.0,3410,6,155.0,32,130.0,8,19,0,0,1,0,0,1,0,0,0,0,0,1
5.84,3400,8,153.0,64,310.0,2,19,1,1,1,1,0,1,1,0,0,0,0,7
5.99,3000,4,164.0,32,200.0,2,17,1,0,1,0,0,1,0,0,0,0,0,72
5.0,2280,1,175.0,8,1300.0,3,18,0,1,0,0,0,1,0,0,0,0,0,68
6.0,3500,4,177.0,32,140.0,9,17,0,0,1,0,0,1,0,0,0,0,0,73
5.6,3000,4,154.0,32,230.0,9,17,0,0,1,0,0,1,0,0,0,0,0,73
5.5,3000,3,175.0,16,220.0,9,17,0,0,1,0,0,1,0,0,0,0,0,71
6.0,3500,4,186.0,32,240.0,9,17,0,0,1,0,0,1,0,0,0,0,0,2
5.6,3000,4,162.0,32,170.0,9,17,0,0,1,0,0,1,0,0,0,0,0,73
5.45,3020,2,142.0,16,110.0,2,19,0,0,1,0,0,1,0,0,0,0,0,72
5.45,3020,2,142.0,16,150.0,3,19,0,0,1,0,0,1,0,0,0,0,0,72
5.8,3000,4,150.0,64,180.0,9,17,0,1,1,1,0,1,0,0,0,0,0,2
6.0,3300,6,157.0,64,150.0,4,17,1,1,1,1,0,1,1,1,1,0,0,44
5.5,3000,4,145.0,32,370.0,4,19,1,0,1,0,0,1,0,0,0,0,0,1
6.0,3410,4,155.0,64,200.0,7,19,0,0,1,0,0,1,0,0,0,0,0,1
6.21,3000,8,177.0,128,400.0,12,19,1,1,1,1,0,1,1,1,1,0,1,6
6.21,3400,8,175.0,64,430.0,12,19,1,1,1,1,0,1,1,1,1,0,1,6
5.88,3120,6,164.0,64,260.0,12,19,1,1,1,1,0,1,0,1,0,0,0,4
5.99,3080,4,170.0,32,160.0,12,19,1,0,1,0,0,1,0,0,0,0,0,72
5.3,2880,2,168.0,32,150.0,4,14,0,0,1,0,0,1,0,0,0,0,0,71
6.1,3000,6,162.0,64,300.0,4,17,1,1,1,1,0,1,1,1,1,0,0,49
6.28,3300,8,177.0,64,410.0,6,19,1,1,1,1,0,1,1,1,1,1,0,7
6.42,3400,8,186.0,512,130.0,7,19,0,1,1,1,0,1,1,1,1,1,0,10
5.5,3300,2,181.0,16,350.0,9,17,0,0,1,0,0,1,0,0,0,0,0,71
5.0,2600,2,152.0,16,400.0,9,17,0,0,1,0,0,1,0,0,0,0,0,71
6.3,3700,6,191.0,64,310.0,9,17,0,1,1,1,0,1,0,0,0,0,0,2
6.0,3760,4,176.0,32,110.0,5,17,0,0,1,0,0,1,0,0,0,0,0,72
6.2,3300,6,165.0,64,120.0,5,19,0,1,1,1,0,1,0,0,0,0,0,5
5.45,4000,3,160.0,16,130.0,5,17,0,0,1,0,0,0,1,0,0,0,0,72
6.2,3300,2,172.0,32,300.0,4,19,0,0,1,0,0,1,0,0,0,0,0,1
6.2,3300,4,171.0,32,350.0,4,19,0,0,1,0,0,1,0,0,0,0,0,1
5.45,3000,4,146.0,32,130.0,12,19,1,0,1,0,0,1,0,0,0,0,0,72
5.45,3000,3,145.0,16,110.0,12,19,0,0,1,0,0,1,0,0,0,0,0,72
5.84,3000,4,152.0,32,220.0,2,17,1,0,1,0,0,1,0,0,0,0,0,7
6.95,5000,8,230.0,64,400.0,2,19,1,1,1,1,0,1,0,0,0,0,0,2
6.21,3400,6,160.0,64,100.0,3,21,0,0,1,0,0,0,1,0,0,0,0,10
6.3,3750,6,166.0,64,140.0,3,19,1,1,1,1,0,1,1,0,0,0,0,10
6.3,3750,6,176.0,64,250.0,2,19,1,1,1,1,0,1,1,0,0,0,0,10
5.3,3000,3,162.0,16,250.0,4,16,0,0,1,0,0,1,0,0,0,0,0,71
5.5,4500,2,171.0,16,160.0,4,19,1,0,1,0,0,1,0,0,0,0,0,71
6.0,3580,6,205.0,32,240.0,10,17,0,1,1,1,0,1,0,0,0,0,0,1
6.9,5500,6,221.0,64,310.0,12,19,0,1,1,1,0,1,0,1,0,0,0,1
5.84,4000,4,178.0,32,380.0,12,19,1,0,1,0,0,1,0,0,0,0,0,7
5.6,3000,4,154.0,32,150.0,9,17,0,0,1,0,0,1,0,0,0,0,0,73
6.2,4230,4,168.0,32,150.0,7,19,0,0,1,0,0,1,0,0,0,0,0,75
6.2,4230,4,168.0,16,460.0,7,19,0,0,1,0,0,1,0,0,0,0,0,75
6.3,3340,6,169.0,64,90.0,3,19,0,0,1,0,0,1,0,0,0,0,0,10
5.99,3000,6,166.0,32,270.0,12,19,1,1,1,1,0,1,0,1,0,0,0,1
6.4,3500,8,182.0,128,270.0,7,19,1,1,1,1,0,1,0,0,0,0,0,10
6.1,3000,4,156.0,32,300.0,4,19,1,1,1,1,0,1,0,0,0,0,0,49
6.2,3300,4,172.0,64,140.0,4,19,1,0,1,0,0,1,0,0,0,0,0,1
6.3,3500,6,169.0,64,510.0,7,19,1,0,1,0,0,1,0,0,0,0,0,10
5.0,2600,1,154.0,8,200.0,9,20,0,0,1,0,0,1,0,0,0,0,0,70
6.2,4230,4,168.0,32,120.0,8,19,0,0,1,0,0,1,0,0,0,0,0,75
6.1,3000,4,156.0,32,350.0,4,19,0,1,1,1,0,1,0,0,0,0,0,49
6.3,3750,6,172.0,64,350.0,3,19,0,0,1,0,0,0,1,0,0,0,0,10
6.4,3700,8,183.0,128,330.0,7,19,1,1,1,1,0,1,0,0,0,0,0,10
5.0,2500,2,152.0,16,200.0,4,16,0,0,1,0,0,1,0,0,0,0,0,71
6.4,4000,8,201.0,128,150.0,9,19,0,1,1,1,0,1,1,1,1,0,1,45
6.18,4000,8,182.0,64,360.0,12,19,1,1,1,1,0,1,1,1,1,0,1,5
6.0,3300,6,193.0,64,510.0,10,21,0,1,1,1,0,1,1,0,0,0,1,44
6.26,3350,6,169.0,64,360.0,12,19,1,1,1,1,0,1,0,1,0,0,0,7
6.21,3000,8,177.0,128,510.0,12,19,1,1,1,1,0,1,1,1,1,0,0,6
6.26,4000,6,182.0,32,200.0,12,19,1,0,1,0,0,1,0,0,0,0,0,7
6.3,3500,4,169.0,64,250.0,7,19,1,0,1,0,0,1,0,0,0,0,0,10
6.0,3300,3,178.0,16,100.0,9,19,0,0,1,0,0,1,0,0,0,0,0,73
6.5,3750,6,175.0,64,220.0,2,19,1,0,1,0,0,0,1,0,0,1,0,10
7.12,5000,6,210.0,64,250.0,2,19,1,0,1,0,0,1,0,0,0,0,0,4
6.2,4230,2,168.0,16,100.0,8,19,0,0,1,0,0,1,0,0,0,0,0,75
6.0,3300,4,178.0,32,220.0,9,19,0,0,1,0,0,1,0,0,0,0,0,73
6.3,3500,8,174.0,64,150.0,8,19,0,1,1,1,0,1,1,1,1,0,0,10
6.5,3174,4,208.0,64,570.0,0,28,0,1,1,1,0,1,1,1,1,0,0,37
5.8,2658,4,177.0,64,380.0,0,28,0,1,1,1,0,1,1,1,1,0,0,21
6.1,2942,3,194.0,64,310.0,0,28,0,1,1,1,0,1,1,1,1,0,0,83
6.0,3300,6,168.0,64,200.0,9,17,1,1,1,0,0,1,1,1,1,0,1,2
6.01,4000,6,190.0,128,450.0,12,17,0,1,1,1,0,1,0,1,0,0,0,1
6.39,3200,6,218.0,128,730.0,12,21,1,1,1,1,0,0,1,0,0,0,1,10
5.7,3000,3,155.0,32,150.0,5,19,0,0,1,0,0,0,1,0,0,0,0,72
5.99,4050,6,165.0,64,200.0,5,19,0,1,1,1,0,1,0,0,0,0,0,1
6.2,3500,6,170.0,64,130.0,5,19,0,1,1,1,0,1,0,0,0,0,0,5
6.39,4200,8,187.0,256,460.0,3,21,1,1,1,1,0,1,1,0,0,0,1,49
7.2,5000,8,232.0,128,180.0,3,21,1,1,1,1,0,1,1,0,0,0,1,4
6.0,3300,6,183.0,64,310.0,9,17,0,1,1,1,0,1,0,0,0,0,0,1
6.53,4000,6,188.0,64,260.0,3,21,1,1,1,1,0,1,1,0,0,0,1,4
6.3,3800,8,183.0,64,430.0,9,17,0,1,1,1,0,1,0,0,0,0,0,2
6.4,3600,6,156.0,64,1350.0,7,19,0,1,1,1,0,1,0,0,0,0,0,10
6.5,4000,6,173.0,64,220.0,3,19,0,0,1,0,0,1,0,0,0,0,0,10
6.4,3600,6,156.0,128,132.0,7,19,0,1,1,1,0,1,0,0,0,0,0,10
6.26,4000,4,167.0,32,170.0,2,19,1,0,1,0,0,1,0,0,0,0,0,75
6.39,3500,8,206.0,128,550.0,2,21,1,1,1,1,0,1,0,0,0,1,0,10
6.4,3300,6,169.0,64,70.0,4,19,1,1,1,1,0,1,1,1,1,0,0,49
6.3,3430,4,184.0,64,260.0,1,21,1,1,1,1,0,1,0,1,0,0,0,45
5.5,2915,4,148.0,64,450.0,1,21,1,1,1,1,0,1,0,1,0,0,0,1
6.39,4200,8,189.0,128,230.0,3,21,1,1,1,1,0,1,1,0,0,0,1,49
6.41,3700,8,185.0,128,430.0,6,21,1,1,1,1,0,1,1,1,1,1,0,10
6.3,3500,4,168.0,32,130.0,8,19,0,1,1,0,0,1,0,0,0,0,0,10
7.12,5000,4,210.0,128,180.0,3,19,1,0,1,0,0,1,0,0,0,0,0,4
6.39,3350,6,210.0,64,150.0,5,19,1,1,1,1,0,1,0,1,0,0,0,10
6.41,3600,4,156.0,128,230.0,7,19,0,0,1,0,0,1,0,0,0,0,0,10
6.2,4230,4,168.0,32,290.0,7,19,0,0,1,0,0,1,0,0,0,0,0,75
6.0,3300,1,177.0,16,120.0,9,20,0,0,1,0,0,1,0,0,0,0,0,73
6.21,3400,6,162.0,32,180.0,2,21,1,0,1,0,0,0,1,0,0,0,0,10
6.26,4000,4,168.0,32,800.0,3,19,1,0,1,0,0,1,0,0,0,0,0,75
6.4,3400,8,173.0,128,550.0,9,21,0,1,1,1,0,1,1,1,1,0,0,10
6.4,3750,8,172.0,128,1200.0,3,21,1,1,1,1,0,1,0,0,0,0,0,8
6.2,3500,6,170.0,64,400.0,5,19,0,1,1,1,0,1,0,0,0,0,0,5
5.45,3020,1,142.0,16,130.0,3,20,0,0,1,0,0,1,0,0,0,0,0,72
5.84,3000,6,150.0,64,170.0,12,21,0,0,1,0,0,1,0,0,0,0,0,7
6.39,3350,6,210.0,128,200.0,5,19,1,1,1,1,0,1,0,1,0,0,0,10
6.41,3700,10,185.0,256,700.0,6,21,1,1,1,1,0,1,1,1,1,1,0,10
6.3,3300,6,172.0,64,300.0,5,21,0,1,1,1,0,1,0,0,0,0,0,10
6.21,3400,3,160.0,32,580.0,3,21,0,0,1,0,0,0,1,0,0,0,0,10
6.26,4000,4,168.0,32,200.0,3,19,0,0,1,0,0,1,0,0,0,0,0,75
6.26,4000,3,168.0,32,400.0,3,19,0,0,1,0,0,1,0,0,0,0,0,75
5.0,3000,1,137.0,8,100.0,12,20,0,0,1,0,0,1,0,0,0,0,0,71
5.0,2500,2,140.0,16,80.0,4,19,0,0,1,0,0,1,0,0,0,0,0,71
6.09,3020,3,150.0,32,100.0,2,21,1,0,1,0,0,1,0,0,0,0,0,76
6.1,3000,4,159.0,64,330.0,4,19,0,1,1,1,0,1,0,0,0,0,0,49
6.22,3400,3,163.0,16,90.0,9,19,0,0,1,0,0,1,0,0,0,0,0,75
6.2,4230,3,168.0,32,90.0,8,19,0,0,1,0,0,1,0,0,0,0,0,75
6.3,4000,6,186.0,32,170.0,12,21,1,0,1,0,0,0,0,1,0,0,0,10
6.3,5000,4,186.0,32,380.0,9,19,1,0,1,0,0,1,0,0,0,0,0,10
6.26,3500,3,172.0,64,180.0,4,21,0,0,1,0,0,1,0,0,0,0,0,75
6.26,3500,3,170.0,32,140.0,4,21,1,0,1,0,0,1,0,0,0,0,0,75
5.7,3000,3,144.0,32,400.0,4,19,0,0,1,0,0,1,0,0,0,0,0,72
6.09,3020,3,150.0,32,200.0,3,21,0,0,1,0,0,1,0,0,0,0,0,76
7.3,4380,12,276.0,512,260.0,9,21,1,1,1,1,0,1,1,1,1,0,1,53
5.7,3300,3,156.0,32,230.0,10,17,0,0,1,0,0,1,0,0,0,0,0,72
7.3,4235,12,276.0,512,400.0,9,21,1,1,1,1,0,1,1,1,1,0,1,53
6.7,4500,8,198.0,256,300.0,9,21,0,1,1,1,0,1,1,1,1,0,1,46
8.0,4500,8,295.0,512,200.0,3,21,1,1,1,1,0,1,0,0,0,0,0,65
6.39,3300,8,173.0,256,530.0,12,21,1,1,1,1,0,1,1,1,1,0,1,10
6.39,3800,6,225.0,64,410.0,12,21,1,1,1,1,0,1,1,1,1,0,1,10
6.1,3400,8,157.0,128,200.0,9,21,0,1,1,1,0,1,1,1,1,0,1,46
6.39,3300,8,173.0,64,590.0,12,21,1,1,1,1,0,1,1,1,1,0,1,10
5.97,3070,6,155.0,64,460.0,12,21,1,1,1,1,0,1,1,1,0,0,1,10
5.8,3100,8,150.0,128,260.0,9,21,0,1,1,1,0,1,1,1,1,0,1,7
6.4,4100,8,175.0,128,360.0,9,21,0,1,1,1,0,1,1,1,1,0,1,46
6.4,4000,6,183.0,128,480.0,4,21,1,1,1,1,0,1,1,1,1,0,0,49
6.21,3550,6,181.0,64,350.0,4,21,1,1,1,1,0,1,1,1,1,0,0,6
6.1,3500,6,167.0,128,230.0,4,21,1,1,1,1,0,1,1,1,1,0,0,49
6.5,3330,6,178.0,64,500.0,10,21,0,1,1,1,0,1,1,0,0,0,1,55
6.4,4000,6,166.0,64,110.0,9,21,1,0,1,0,0,1,0,0,0,0,0,10
6.5,3000,6,180.0,64,560.0,10,21,0,1,1,1,0,1,0,0,0,0,0,18
6.0,2870,4,162.0,64,280.0,10,21,0,1,1,1,0,1,0,0,0,0,0,18
6.4,4000,4,165.0,32,100.0,9,21,1,0,1,0,0,1,0,0,0,0,0,10
6.4,5000,6,174.0,32,240.0,9,19,1,0,1,0,0,1,0,0,0,0,0,10
6.3,4000,6,186.0,64,260.0,12,21,1,1,1,1,0,1,0,1,0,0,0,10
6.2,3400,4,168.0,32,300.0,9,21,0,0,1,0,0,1,0,0,0,0,0,75
6.39,4000,6,205.0,128,400.0,12,21,0,1,1,1,0,1,1,1,0,0,0,10
6.53,4020,6,188.0,64,600.0,7,21,1,0,1,0,0,1,0,0,0,0,0,10
6.22,4230,4,175.0,32,108.0,8,21,1,0,1,0,0,1,0,0,0,0,0,75
6.39,3500,8,206.0,128,600.0,2,21,1,1,1,1,0,1,0,0,0,1,0,10
6.21,3400,6,160.0,64,130.0,3,21,1,0,1,0,0,0,1,0,0,0,0,10
6.53,4000,6,190.0,64,460.0,7,21,1,0,1,0,0,1,0,0,0,0,0,10
6.09,3020,3,150.0,32,120.0,3,21,1,0,1,0,0,1,0,0,0,0,0,76
6.15,3340,6,159.0,128,200.0,3,21,1,0,1,0,0,1,0,0,0,0,0,9
6.09,3020,2,150.0,32,200.0,3,21,0,0,1,0,0,1,0,0,0,0,0,76
6.26,4000,4,168.0,32,100.0,3,19,0,0,1,0,0,1,0,0,0,0,0,75
6.26,4000,4,180.0,16,150.0,12,22,1,0,1,0,0,0,1,0,0,0,0,75
6.2,4230,4,170.0,32,270.0,7,19,0,0,1,0,0,1,0,0,0,0,0,75
6.4,4000,3,169.0,32,400.0,9,21,1,0,1,0,0,1,0,0,0,0,0,76
5.9,3100,4,140.0,64,200.0,9,21,1,0,1,0,0,1,0,0,0,0,0,10
6.1,3650,8,165.0,64,130.0,3,21,1,1,1,1,0,1,1,0,0,0,1,10
6.47,4200,8,192.0,128,270.0,3,21,1,1,1,1,0,1,1,0,0,0,1,10
6.7,4500,8,183.0,128,270.0,9,21,1,1,1,1,0,1,1,1,1,0,0,13
6.15,3340,8,159.0,64,120.0,3,21,1,0,1,0,0,1,0,0,0,0,0,9
6.26,4000,4,180.0,32,120.0,12,21,1,0,1,0,0,0,1,0,0,0,0,75
6.1,4000,3,170.0,32,330.0,7,21,1,0,1,0,0,1,0,0,0,0,0,76
6.2,4230,4,170.0,64,210.0,7,19,0,0,1,0,0,1,0,0,0,0,0,75
5.71,3020,3,146.0,32,120.0,2,21,1,0,1,0,0,1,0,0,0,0,0,75
6.53,4020,8,190.0,128,250.0,7,21,1,0,1,0,0,1,0,0,0,0,0,10
6.22,3300,4,161.0,64,220.0,5,21,0,0,1,0,0,1,0,0,0,0,0,75
6.3,3500,6,168.0,64,260.0,9,21,1,1,1,1,0,1,0,0,0,0,0,10
5.0,2600,1,142.0,8,290.0,9,18,0,0,1,0,0,1,0,0,0,0,0,70
6.6,4065,8,215.0,256,320.0,7,21,1,1,1,1,0,1,1,1,1,0,0,10
6.09,3020,3,150.0,32,200.0,2,21,1,0,1,0,0,1,0,0,0,0,0,76
6.21,3400,6,164.0,64,210.0,2,21,1,0,1,0,0,0,1,0,0,0,0,10
6.21,3400,8,164.0,64,190.0,2,21,1,0,1,0,0,0,1,0,0,0,0,10
6.4,3765,8,185.0,128,350.0,7,21,1,1,1,1,0,1,0,1,0,0,0,10
6.6,4065,6,210.0,128,270.0,7,21,1,1,1,1,0,1,1,1,1,0,0,10
5.8,3000,3,141.0,32,160.0,9,21,1,0,1,0,0,0,1,0,0,0,0,76
6.7,3700,8,220.0,128,290.0,9,21,1,1,1,1,0,1,1,0,0,1,0,13
6.09,4000,4,187.0,64,200.0,5,21,1,0,1,0,0,1,0,0,0,0,0,76
6.1,4000,3,166.0,16,72.0,8,21,1,0,1,0,0,1,0,0,0,0,0,76
6.3,4045,6,172.0,64,270.0,8,21,1,1,1,1,0,1,1,1,0,0,1,10
6.39,4000,6,185.0,128,200.0,5,21,1,1,1,1,0,1,0,1,0,0,0,10
5.71,3020,2,146.0,16,280.0,3,21,0,0,1,0,0,1,0,0,0,0,0,75
6.26,3750,8,174.0,128,400.0,2,21,1,1,1,1,0,1,1,0,0,0,0,10
6.53,3765,8,191.0,64,160.0,8,21,1,1,1,1,0,1,1,1,0,0,1,10
6.59,4000,4,196.0,64,319.0,3,21,1,0,1,0,0,1,0,0,0,0,0,10
7.2,4200,8,233.0,128,420.0,3,21,1,1,1,1,0,1,1,0,0,0,1,4
6.4,4035,8,186.0,128,470.0,7,21,1,1,1,1,0,1,0,1,0,0,0,10
6.39,4000,8,191.0,64,260.0,12,21,1,1,1,1,0,1,1,1,1,0,1,10
6.3,4050,6,164.0,64,190.0,5,21,1,0,1,0,0,1,0,0,0,0,0,10
6.5,3765,8,191.0,64,100.0,7,21,1,1,1,1,0,1,0,1,0,0,0,10
6.26,4000,8,182.0,128,470.0,2,21,1,1,1,1,0,1,1,0,0,0,0,10
6.3,4000,4,186.0,32,140.0,12,21,1,0,1,0,0,0,0,1,0,0,0,10
6.53,4020,6,190.0,128,200.0,7,21,1,0,1,0,0,1,0,0,0,0,0,10
5.6,3000,4,147.0,64,290.0,1,21,1,1,1,1,0,1,0,1,0,0,0,2
6.0,3700,4,167.0,64,290.0,1,21,1,1,1,1,0,1,0,1,0,0,0,1
6.41,3700,6,182.0,128,400.0,6,21,1,1,1,1,0,1,1,1,1,1,0,10
6.67,4000,6,206.0,128,590.0,6,21,1,1,1,1,0,1,1,1,1,1,0,49
6.67,4000,6,206.0,128,800.0,6,21,1,1,1,1,0,1,1,1,1,1,0,49
5.45,4000,3,165.0,16,130.0,12,21,1,0,1,0,0,1,0,0,0,0,0,72
6.39,4000,8,191.0,64,400.0,12,21,1,1,1,1,0,1,1,1,1,0,1,10
6.3,3500,6,168.0,64,400.0,9,21,1,1,1,1,0,1,0,0,0,0,0,10
6.39,3500,8,171.0,128,220.0,3,21,1,1,1,1,0,1,0,0,0,0,0,10
6.4,4000,4,178.0,64,670.0,3,21,1,0,1,0,0,1,0,0,0,0,0,8
5.0,2800,3,172.0,32,380.0,9,21,0,0,1,0,0,1,0,0,0,0,0,71
6.39,3500,8,171.0,128,280.0,3,21,1,0,1,0,0,1,0,0,0,0,0,10
6.2,3500,3,179.0,32,550.0,4,21,0,0,1,0,0,1,0,0,0,0,0,1
6.4,4000,8,178.0,128,280.0,3,21,1,0,1,0,0,1,0,0,0,0,0,8
6.26,4000,4,175.0,32,110.0,4,21,1,0,1,0,0,1,0,0,0,0,0,75
6.22,4050,4,172.0,64,130.0,4,21,1,1,1,1,0,1,0,0,0,0,0,75
6.19,4000,3,164.0,32,200.0,4,21,1,0,1,0,0,1,0,0,0,0,0,74
6.39,4000,6,191.0,64,460.0,12,21,1,1,1,1,0,1,1,1,1,0,1,10
6.39,4000,6,185.0,128,430.0,5,21,1,1,1,1,0,1,0,1,0,0,0,10
5.83,3000,3,141.0,32,120.0,9,21,0,0,1,0,0,1,0,0,0,0,0,76
6.26,4000,8,178.0,128,390.0,3,21,1,1,1,1,0,1,0,0,0,0,0,10
6.39,4030,8,179.0,64,260.0,12,21,1,1,1,1,0,1,1,1,0,0,1,10
6.01,4030,6,173.0,64,170.0,12,21,1,1,1,1,0,1,0,1,0,0,0,76
6.39,4000,8,205.0,128,550.0,12,21,0,1,1,1,0,0,1,1,0,0,0,10
6.2,4230,4,175.0,32,96.0,8,21,1,0,1,0,0,1,0,0,0,0,0,75
6.59,4000,8,206.0,64,180.0,2,21,1,0,1,0,0,1,0,0,0,0,0,10
6.39,4000,8,159.0,64,160.0,5,21,1,1,1,1,0,1,0,0,0,0,0,10
6.09,4030,6,173.0,64,230.0,12,21,1,1,1,1,0,1,0,1,0,0,0,76
6.59,4000,8,202.0,128,230.0,2,21,1,0,1,0,0,1,0,0,0,0,0,10
6.59,4000,4,196.0,64,760.0,3,21,1,0,1,0,0,1,0,0,0,0,0,10
6.3,3500,12,168.0,256,180.0,9,21,0,1,1,1,0,1,1,1,1,0,1,7
6.8,4300,12,198.0,256,1100.0,9,21,0,1,1,1,0,1,1,1,1,0,1,46
6.1,3500,3,186.0,32,200.0,4,21,1,0,1,0,0,1,0,0,0,0,0,75
6.5,4000,3,194.0,32,190.0,4,21,1,0,1,0,0,1,0,0,0,0,0,75
5.45,3000,1,152.0,16,160.0,4,22,0,0,1,0,0,1,0,0,0,0,0,69
5.45,3000,2,148.0,16,100.0,4,21,0,0,1,0,0,1,0,0,0,0,0,72
6.8,4300,12,196.0,256,590.0,9,21,0,1,1,1,0,1,1,1,1,0,1,46
6.3,3500,8,168.0,256,80.0,9,21,0,1,1,1,0,1,1,1,1,0,1,7
6.2,4000,3,168.0,32,260.0,9,21,1,0,1,0,0,1,0,0,0,0,0,75
6.3,4035,8,184.0,64,430.0,8,21,1,1,1,1,0,1,1,1,0,0,1,10
6.5,5000,4,198.0,32,190.0,8,21,1,1,1,1,0,1,0,0,0,0,0,77
6.39,4000,8,191.0,64,325.38,12,21,1,1,1,1,0,1,1,1,1,0,1,10
6.4,4000,4,169.0,32,700.0,9,21,1,0,1,0,0,1,0,0,0,0,0,76
6.4,4000,6,169.0,64,590.0,9,21,1,1,1,1,0,1,0,0,0,0,0,10
6.26,3750,8,174.0,128,260.0,3,21,1,1,1,1,0,1,1,0,0,0,0,10
6.5,4000,8,189.0,128,270.0,7,21,1,1,1,1,0,1,1,0,0,0,0,13
6.5,4000,8,195.0,128,880.0,7,21,1,0,1,0,0,1,0,0,0,0,0,10
6.53,4000,8,195.0,128,1020.0,7,21,1,1,1,1,0,1,0,0,0,0,0,10
6.53,4500,8,200.0,64,220.0,12,21,1,1,1,1,0,1,1,1,0,0,1,10
6.3,4000,6,190.0,32,220.0,12,21,1,1,1,1,0,1,0,1,0,0,0,10
6.4,4000,3,169.0,32,1750.0,9,21,0,0,1,0,0,1,0,0,0,0,0,76
6.7,4500,8,206.0,128,290.0,9,21,1,1,1,1,0,1,1,0,0,0,1,13
6.7,4500,8,187.0,128,260.0,9,21,1,1,1,1,0,1,1,1,1,0,0,13
6.3,4035,8,184.0,64,130.0,8,21,1,1,1,1,0,1,1,1,0,0,1,10
6.39,4000,8,191.0,128,450.0,12,1,1,1,1,1,0,1,1,1,1,0,1,10
6.26,3750,8,172.0,128,250.0,2,21,1,0,1,0,0,1,0,0,0,0,0,10
6.39,4000,8,196.0,128,600.0,12,1,1,1,1,1,0,1,1,1,1,0,1,10
6.53,4500,12,198.0,512,650.0,3,1,1,1,1,1,0,0,1,1,0,0,1,23
6.4,3600,6,169.0,128,330.0,7,21,1,1,1,1,0,1,0,0,0,0,0,10
6.62,4200,8,196.0,128,190.0,3,1,1,1,1,1,0,0,1,1,0,0,1,10
6.09,4000,3,172.0,16,400.0,5,21,1,0,1,0,0,1,0,0,0,0,0,76
6.62,4200,8,196.0,128,340.0,3,1,1,1,1,1,0,0,1,1,0,0,1,10
6.39,4000,6,176.0,64,130.0,2,21,1,0,1,0,0,1,0,0,0,0,0,76
5.71,3020,3,146.0,32,90.0,2,21,1,0,1,0,0,1,0,0,0,0,0,75
6.59,4000,8,163.0,128,360.0,3,21,1,0,1,0,0,1,0,0,0,0,0,10
6.39,4000,8,196.0,128,500.0,12,1,1,1,1,1,0,1,1,1,1,0,1,10
6.3,4050,6,164.0,64,250.0,5,21,1,1,1,1,0,1,0,0,0,0,0,10
6.1,3140,6,164.0,128,500.0,10,21,0,1,1,1,0,1,1,0,0,0,0,18
6.4,4000,6,192.0,128,320.0,4,21,1,1,1,1,0,1,1,1,1,0,0,10
6.5,3969,4,226.0,64,397.78,0,29,0,1,1,1,0,1,1,1,1,0,0,37
5.8,3046,4,188.0,64,429.89,0,29,0,1,1,1,0,1,1,1,1,0,0,21
6.1,3110,4,194.0,64,494.0,0,29,0,1,1,1,0,1,1,1,1,0,0,83
6.5,5000,8,195.0,128,260.0,7,21,1,1,1,1,0,1,0,0,0,0,0,77
6.4,4000,8,183.0,64,290.0,8,21,1,1,1,1,0,1,1,1,0,0,1,10
6.39,4030,6,179.0,64,320.0,12,21,1,1,1,1,0,1,1,1,0,0,1,10
6.4,6000,6,188.0,64,1400.0,9,21,1,1,1,1,0,1,0,0,0,0,0,10
6.53,4500,8,198.0,128,550.0,3,1,1,1,1,1,0,0,1,1,0,0,1,23
6.53,4500,8,198.0,128,290.0,3,1,1,1,1,1,0,0,1,1,0,0,1,23
6.5,5000,4,195.0,32,210.0,7,21,1,1,1,1,0,1,0,0,0,0,0,77
6.22,4050,4,172.0,64,100.0,5,21,1,0,1,0,0,1,0,0,0,0,0,75
6.4,4000,8,182.0,64,480.0,8,21,1,1,1,1,0,1,1,1,0,0,1,10
6.5,4000,4,183.0,32,110.0,9,21,1,0,1,0,0,1,0,0,0,0,0,76
6.22,5000,4,188.0,32,120.0,12,21,1,0,1,0,0,1,0,0,0,0,0,75
6.55,3800,8,190.0,128,258.5,6,1,1,1,1,1,0,1,1,1,1,0,1,13
6.4,4000,4,198.0,64,140.0,4,21,1,1,1,1,0,1,0,0,0,0,0,8
6.5,5000,6,195.0,64,500.0,7,21,1,1,1,1,0,1,0,0,0,0,0,77
6.4,4000,8,182.0,128,340.0,7,21,1,1,1,1,0,1,1,1,0,0,1,10
6.4,4000,8,192.0,256,560.0,4,21,1,1,1,1,0,1,1,1,1,0,0,10
6.3,4000,8,171.0,64,220.0,2,21,1,0,1,0,0,1,0,0,0,0,0,13
6.39,4000,6,176.0,64,1290.0,3,21,1,0,1,0,0,1,0,0,0,0,0,76
6.5,4000,8,200.0,128,330.0,7,21,1,1,1,1,0,1,1,1,1,0,0,13
5.1,4500,4,256.0,64,250.0,9,17,1,0,1,0,0,1,0,0,0,0,0,43
6.26,4000,6,178.0,64,1700.0,3,21,1,1,1,1,0,1,0,0,0,0,0,10
6.22,5000,4,188.0,32,210.0,12,21,1,0,1,0,0,1,0,0,0,0,0,75
6.67,4085,8,206.0,256,1030.0,6,1,1,1,1,1,0,1,1,1,1,0,1,49
6.3,3700,6,193.0,64,250.0,1,1,1,1,1,1,0,1,0,1,0,0,0,46
5.7,2800,6,162.0,64,300.0,1,1,1,1,1,1,0,1,0,1,0,0,0,7
6.5,4000,6,199.0,64,440.0,8,21,1,1,1,1,0,0,1,1,0,0,1,13
6.67,4085,12,206.0,256,800.0,6,1,1,1,1,1,0,1,1,1,1,0,1,49
6.3,4000,8,163.0,64,1440.0,3,21,1,0,1,0,0,1,0,0,0,0,0,13
6.59,4000,6,196.0,64,240.0,2,21,1,0,1,0,0,0,1,0,0,0,0,10
6.47,5260,8,208.0,128,400.0,12,21,1,1,1,1,0,1,1,1,1,0,1,10
6.57,4100,8,206.0,128,500.0,2,1,1,1,1,1,0,1,1,0,0,0,1,13
6.1,4000,3,166.0,32,100.0,8,21,1,0,1,0,0,1,0,0,0,0,0,76
6.57,4200,8,213.0,128,430.0,2,1,1,1,1,1,0,1,1,0,0,0,1,13
6.3,4000,4,200.0,32,250.0,12,21,1,1,1,1,0,1,0,1,0,0,0,10
6.47,5260,8,208.0,256,480.0,12,21,1,1,1,1,0,1,1,1,1,0,1,10
6.47,5260,6,208.0,128,380.0,12,21,1,1,1,1,0,1,1,1,1,0,1,10
6.59,4000,6,206.0,128,150.0,3,21,1,0,1,0,0,1,0,0,0,0,0,10
6.5,5000,4,198.0,64,270.0,8,21,1,1,1,1,0,1,0,0,0,0,0,77
6.4,4200,8,183.0,128,200.0,3,1,1,0,1,0,0,1,0,0,0,0,0,8
6.57,4100,8,197.0,128,220.0,3,1,1,1,1,1,0,1,1,0,0,0,1,13
6.5,4230,4,180.0,128,150.0,7,21,1,0,1,0,0,1,0,0,0,0,0,77
6.57,4200,8,212.0,128,2150.0,3,1,1,1,1,1,0,1,1,0,0,0,1,13
6.4,4025,8,181.0,128,280.0,7,1,1,1,1,1,0,1,0,1,0,0,0,13
6.5,4025,8,171.0,128,240.0,7,1,1,1,1,1,0,1,1,1,1,0,0,13
6.59,4000,6,206.0,128,280.0,3,21,1,0,1,0,0,1,0,0,0,0,0,10
6.67,4500,8,208.0,64,260.0,12,1,1,1,1,1,0,1,1,1,0,0,1,13
6.67,4500,8,208.0,64,210.0,12,1,1,1,1,1,0,1,1,1,0,0,1,13
6.5,4000,8,172.0,64,380.0,9,1,1,1,1,1,0,1,0,1,0,0,0,13
6.7,4500,8,179.0,128,1020.0,9,1,0,1,1,1,0,1,1,1,1,0,1,13
5.7,3000,2,149.0,16,240.0,9,1,0,0,1,0,0,1,0,0,0,0,0,75
6.4,4025,8,172.0,128,170.0,7,21,1,0,1,0,0,1,0,0,0,0,0,13
6.1,4000,3,166.0,32,40.0,8,21,1,0,1,0,0,1,0,0,0,0,0,76
6.3,4050,4,218.0,64,380.0,9,1,1,0,1,0,0,1,0,0,0,0,0,10
6.7,4500,8,199.0,128,200.0,9,1,1,1,1,1,0,1,1,1,1,0,0,13
6.7,4500,8,186.0,128,336.5,9,1,1,1,1,1,0,1,1,1,1,0,0,13
6.52,5000,4,195.0,32,170.0,8,21,1,1,1,1,0,1,0,0,0,0,0,77
6.57,4200,6,202.0,64,680.0,8,1,1,1,1,1,0,1,1,0,0,0,0,13
6.15,3340,6,152.0,128,140.0,3,21,1,0,1,0,0,1,0,0,0,0,0,9
6.4,4025,8,172.0,128,200.0,7,21,1,0,1,0,0,1,0,0,0,0,0,13
6.4,4200,8,183.0,128,160.0,3,1,1,0,1,0,0,1,0,0,0,0,0,8
6.09,3020,3,150.0,32,290.0,3,21,1,0,1,0,0,1,0,0,0,0,0,76
6.67,4500,8,208.0,64,179.88,12,1,1,1,1,1,0,1,1,1,0,0,1,13
6.5,5000,4,195.0,32,90.0,8,1,1,0,1,0,0,1,0,0,0,0,0,77
6.39,4000,4,176.0,64,240.0,3,21,1,0,1,0,0,1,0,0,0,0,0,76
6.4,4025,8,180.0,128,380.0,7,1,1,1,1,1,0,1,0,1,0,0,0,13
6.2,4000,8,163.0,128,770.0,9,1,0,1,1,1,1,1,1,1,1,0,1,51
6.7,4500,8,188.0,128,880.0,9,1,0,1,1,1,1,1,1,1,1,0,1,51
6.9,5000,16,220.0,128,540.0,9,1,0,1,1,1,1,1,1,1,1,0,1,51
6.22,5000,3,188.0,32,110.0,12,21,1,0,1,0,0,1,0,0,0,0,0,75
6.9,5000,16,222.0,128,540.0,9,1,0,1,1,1,1,1,1,1,1,0,1,51
6.7,4500,8,186.0,128,280.0,9,1,0,1,1,1,1,1,1,1,1,0,1,51
6.2,4000,8,163.0,128,389.99,9,1,0,1,1,1,1,1,1,1,1,0,1,51
6.7,3300,8,183.0,256,550.0,9,1,1,1,1,1,0,1,1,1,1,0,1,19
6.5,4230,6,180.0,64,150.0,7,21,1,0,1,0,0,1,0,0,0,0,0,77
6.67,4780,6,208.0,128,339.0,12,1,1,1,1,1,1,1,1,0,0,0,0,10
6.67,4500,8,208.0,256,930.0,12,1,1,1,1,1,1,1,1,0,0,0,1,10
6.55,4000,3,194.0,64,220.0,4,21,1,0,1,0,0,1,0,0,0,0,0,77
6.53,4000,4,191.0,64,200.0,4,21,1,0,1,0,0,1,0,0,0,0,0,10
6.55,4000,3,191.0,32,1100.0,4,21,1,0,1,0,0,1,0,0,0,0,0,77
6.5,5000,4,195.0,32,150.0,8,1,1,0,1,0,0,1,0,0,0,0,0,77
5.71,3450,3,170.0,32,300.0,4,21,1,0,1,0,0,1,0,0,0,0,0,74
6.2,3580,3,178.0,64,200.0,10,21,0,0,1,0,0,1,0,0,0,0,0,81
6.5,4000,8,181.0,256,700.0,10,1,1,1,1,1,0,0,0,1,0,0,0,55
6.0,3600,4,151.0,64,700.0,10,1,1,1,1,1,0,1,0,0,0,0,0,18
8.0,4500,8,300.0,512,360.0,3,1,1,1,1,1,0,1,0,0,0,0,0,65
6.44,4200,6,205.0,128,439.44,8,1,1,1,1,1,0,0,1,0,0,0,0,13
6.5,4000,12,225.0,512,2000.0,10,1,1,1,1,1,0,0,1,1,0,0,0,55
6.4,6000,8,191.0,64,690.0,9,1,1,1,1,1,0,1,0,0,0,0,0,10
6.5,4000,3,187.0,32,130.0,4,1,1,0,1,0,0,1,0,0,0,0,0,75
6.8,5000,8,213.0,128,240.0,4,1,1,1,1,1,1,1,1,0,0,0,0,17
6.8,5000,8,218.0,128,700.0,4,1,1,1,1,1,1,1,1,0,0,0,0,17
6.4,4200,8,183.0,128,1950.0,3,1,1,0,1,0,0,1,0,0,0,0,0,8
6.3,5000,4,185.0,64,1000.0,3,1,1,0,1,0,0,1,0,0,0,0,0,77
6.4,4025,8,175.0,128,200.0,7,1,1,1,1,1,0,1,0,0,0,0,0,13
6.67,4720,8,222.0,128,390.0,12,1,1,1,1,1,0,1,1,1,1,0,0,13
7.1,5000,8,253.0,256,940.0,12,1,1,1,1,1,0,1,1,1,1,0,0,49
6.39,4000,4,176.0,64,249.99,3,21,1,0,1,0,0,1,0,0,0,0,0,76
6.6,4300,8,202.0,64,179.99,8,1,1,1,1,1,0,1,0,1,0,0,0,13
6.5,4300,8,191.0,64,190.0,8,1,1,1,1,1,0,1,0,1,0,0,0,13
6.7,4260,12,217.0,256,400.0,7,1,1,1,1,1,0,0,1,0,0,0,0,50
6.7,4200,8,209.0,128,440.0,7,1,1,1,1,1,0,0,1,0,0,0,0,50
6.67,5020,8,209.0,64,180.0,12,1,1,1,1,1,0,1,1,1,0,0,1,13
6.67,5020,6,209.0,64,280.0,12,1,1,1,1,1,0,1,1,1,0,0,1,13
6.4,4000,4,177.0,32,650.0,9,1,1,0,1,0,0,1,0,0,0,0,0,76
6.4,4025,8,170.0,128,430.0,7,1,1,1,1,1,0,1,1,0,0,0,0,13
6.5,5000,4,199.0,64,400.0,8,1,1,0,1,0,0,1,0,0,0,0,0,77
6.1,3500,8,152.0,64,160.0,9,1,1,0,1,0,0,1,0,0,0,0,0,13
6.4,6000,6,188.0,64,310.0,9,1,1,1,1,1,0,1,1,1,1,0,0,10
6.67,5020,6,209.0,64,204.95,12,1,1,1,1,1,0,1,1,1,0,0,1,13
6.67,4700,6,218.0,128,390.0,12,1,1,1,1,1,1,1,1,1,1,0,1,13
6.4,5000,8,185.0,64,190.0,9,1,1,0,1,0,0,1,0,0,0,0,0,13
6.67,4700,8,218.0,128,500.0,12,1,1,1,1,1,1,1,1,1,1,0,1,13
6.58,4200,8,209.0,128,520.0,3,1,1,1,1,1,0,0,1,0,0,0,1,27
6.58,4200,8,226.0,256,569.9,3,1,1,1,1,1,0,0,1,0,0,0,1,27
6.1,3800,8,175.0,128,150.0,3,1,1,1,1,1,0,0,1,0,0,0,1,10
10.3,5000,4,460.0,32,180.0,5,21,1,0,1,0,0,1,0,0,0,0,0,25
6.57,4160,8,192.0,64,209.06,12,1,1,1,1,1,0,1,1,0,0,0,1,13
6.09,3020,3,150.0,64,110.0,2,21,1,0,1,0,0,1,0,0,0,0,0,76
6.5,4000,8,190.0,128,310.0,2,1,1,1,1,1,0,1,1,0,0,0,1,13
6.3,5000,4,185.0,64,120.0,2,1,1,0,1,0,0,1,0,0,0,0,0,77
6.4,5000,4,197.0,32,290.0,9,1,0,0,1,0,0,1,0,0,0,0,0,76
6.22,5000,3,188.0,32,90.0,12,21,1,0,1,0,0,1,0,0,0,0,0,75
6.2,4230,3,168.0,64,227.868,7,19,0,0,1,0,0,1,0,0,0,0,0,75
6.7,4500,8,185.0,128,108.88,9,1,1,1,1,1,0,1,1,1,1,0,1,13
6.5,4000,3,193.0,32,190.0,9,1,1,0,1,0,0,1,0,0,0,0,0,77
6.5,4500,8,187.0,128,204.99,9,1,1,1,1,1,0,1,0,1,0,0,0,13
6.39,4000,6,176.0,128,160.0,2,1,1,0,1,0,0,1,0,0,0,0,0,76
6.3,4000,8,165.0,128,200.0,2,1,1,1,1,1,0,1,0,0,0,0,0,13
6.09,3020,3,150.0,64,150.0,2,21,1,0,1,0,0,1,0,0,0,0,0,76
6.55,4000,8,186.0,128,156.8,7,1,1,1,1,1,0,1,1,1,1,0,0,13
6.78,4510,8,199.0,128,369.6,6,1,1,1,1,1,0,1,1,1,1,0,0,50
6.55,4300,8,180.0,128,740.0,6,1,1,1,1,1,0,1,1,1,1,0,0,13
6.55,4300,8,180.0,128,650.0,6,1,1,1,1,1,0,1,1,1,1,0,0,13
6.55,4300,6,180.0,128,876.0,6,1,1,1,1,1,0,1,1,1,1,0,0,13
6.5,4025,12,171.0,256,240.0,7,1,1,1,1,1,0,1,1,0,0,0,0,13
4.7,1821,3,148.0,64,189.5,0,29,0,1,1,1,0,1,1,1,1,0,0,82
6.57,4000,8,190.0,256,650.0,2,1,1,1,1,1,0,0,1,0,0,0,0,10
6.57,4000,8,186.0,128,670.0,2,1,1,1,1,1,0,0,1,0,0,0,0,10
6.53,4000,8,185.0,128,1170.0,2,1,1,1,1,1,0,0,1,0,0,0,1,13
6.21,3400,6,164.0,64,180.0,2,21,1,0,1,0,0,0,1,0,0,0,0,10
6.5,3750,4,188.0,128,220.0,2,21,1,0,1,0,0,1,0,0,0,0,0,10
6.57,4000,8,184.0,128,230.0,7,1,1,1,1,1,0,1,0,1,0,0,0,13
6.5,5000,8,192.0,64,120.0,7,1,1,1,1,1,0,1,0,1,0,0,0,13
6.22,4230,4,165.0,32,469.0,7,21,1,0,1,0,0,1,0,0,0,0,0,75
6.4,4025,8,180.0,128,540.0,7,1,1,1,1,1,0,1,1,0,0,0,0,13
6.5,5000,8,192.0,128,520.0,7,1,1,1,1,1,0,1,0,1,0,0,0,13
6.57,4200,8,194.0,128,260.0,8,1,1,1,1,1,0,1,1,0,0,0,0,13
6.53,4000,8,180.0,128,120.0,3,1,1,1,1,1,0,0,1,0,0,0,1,13
6.57,4000,8,178.0,128,390.0,3,1,1,1,1,1,0,0,1,0,0,0,1,10
5.0,2600,1,154.0,16,238.19,9,20,0,0,1,0,0,1,0,0,0,0,0,70
6.57,4160,8,192.0,64,270.0,12,1,1,1,1,1,0,1,1,1,0,0,1,13
6.39,4000,4,176.0,64,160.0,2,1,1,0,1,0,0,1,0,0,0,0,0,76
6.3,5000,3,185.0,64,150.0,2,1,1,0,1,0,0,1,0,0,0,0,0,77
6.21,3400,4,160.0,128,480.0,3,21,0,0,1,0,0,0,1,0,0,0,0,10
5.45,3020,2,144.0,32,90.0,2,1,1,0,1,0,0,1,0,0,0,0,0,72
6.47,5260,8,204.0,64,254.44,12,1,1,1,1,1,0,1,1,1,0,0,1,10
6.53,5020,6,199.0,64,156.38,12,1,1,0,1,0,0,1,0,0,0,0,0,10
6.67,5020,8,209.0,64,220.0,12,1,1,1,1,1,0,1,1,1,0,0,1,13
6.5,5000,8,192.0,128,535.0,7,1,1,1,1,1,0,1,0,1,0,0,0,13
5.45,3020,2,144.0,32,200.0,3,1,1,0,1,0,0,1,0,0,0,0,0,72
6.3,5000,4,185.0,32,110.0,3,1,1,0,1,0,0,1,0,0,0,0,0,77
6.5,4000,4,180.0,64,160.0,3,21,1,0,1,0,0,1,0,0,0,0,0,10
6.8,4300,8,180.0,128,870.0,4,1,1,1,1,1,0,1,1,0,0,0,0,17
6.5,5000,4,195.0,32,100.0,8,1,1,0,1,0,0,1,0,0,0,0,0,77
6.5,5000,4,199.0,128,150.0,8,1,1,0,1,0,0,1,0,0,0,0,0,77
6.67,4500,6,208.0,128,260.0,12,1,1,1,1,1,0,1,1,1,0,0,1,13
6.67,4700,8,219.0,128,247.66,12,1,1,1,1,1,1,1,1,1,1,0,1,13
6.47,4200,8,192.0,128,140.0,3,1,1,1,1,1,0,1,1,0,0,0,1,10
6.7,4500,8,185.0,128,299.99,9,1,1,1,1,1,0,1,1,1,1,0,1,13
6.5,5000,6,192.0,32,500.0,9,1,1,0,1,0,0,1,0,0,0,0,0,77
6.5,4000,8,189.0,128,820.0,3,1,1,1,1,1,0,1,0,0,0,0,0,13
6.3,4000,6,163.0,128,247.83,3,1,1,0,1,0,0,1,0,0,0,0,0,13
10.4,7250,8,480.0,64,280.0,2,1,1,0,1,0,0,1,0,0,0,0,0,26
6.63,4300,8,203.0,64,250.0,2,1,1,1,1,1,0,1,1,0,0,0,1,13
6.2,4000,8,168.0,128,440.0,9,1,0,1,1,1,1,1,1,1,1,0,1,51
6.8,4000,3,219.0,64,360.0,4,1,1,0,1,0,0,1,0,0,0,0,0,17
6.53,4000,4,187.0,64,200.0,4,21,1,0,1,0,0,1,0,0,0,0,0,10
6.5,4000,8,182.0,64,260.0,3,1,1,1,1,1,0,1,0,0,0,0,0,13
6.67,4500,8,208.0,128,250.0,12,1,1,1,1,1,0,1,0,0,0,0,0,13
6.44,4200,6,209.0,128,350.0,8,1,1,1,1,1,0,0,1,0,0,0,1,13
6.53,5020,6,199.0,128,130.0,12,1,1,0,1,0,0,1,0,0,0,0,0,10
6.57,4520,8,205.0,64,200.0,12,1,1,1,1,1,0,1,1,0,0,0,1,13
6.57,4520,8,208.0,128,290.0,12,1,1,1,1,1,0,1,1,0,0,0,1,13
6.6,4200,8,202.0,128,300.0,8,1,1,1,1,1,0,0,1,0,0,0,1,13
6.5,4300,6,191.0,64,200.0,8,3,1,1,1,1,0,1,0,1,0,0,0,13
5.71,3020,3,146.0,64,110.0,2,21,1,0,1,0,0,1,0,0,0,0,0,75
5.7,4000,3,168.0,32,130.0,9,1,0,0,1,0,0,1,0,0,0,0,0,75
6.57,4200,8,213.0,128,360.0,2,1,1,1,1,1,0,1,1,0,0,0,1,13
6.81,4300,8,213.0,128,250.0,2,1,1,1,1,1,0,1,0,0,0,0,0,13
6.43,4000,8,183.0,128,100.0,7,1,1,1,1,1,0,1,0,1,0,0,0,13
6.55,4000,8,172.0,128,240.0,7,1,1,1,1,1,0,1,0,1,0,0,0,13
6.3,4000,4,163.0,128,240.0,3,1,1,0,1,0,0,1,0,0,0,0,0,13
6.53,5020,6,198.0,32,100.62,12,1,1,0,1,0,0,1,0,0,0,0,0,10
6.5,4000,8,192.0,128,220.0,3,1,1,1,1,1,0,1,0,0,0,0,0,13
6.22,4230,2,165.0,32,440.0,7,21,1,0,1,0,0,1,0,0,0,0,0,75
6.5,4300,4,191.0,128,190.0,8,1,1,1,1,1,0,1,0,1,0,0,0,13
6.5,5000,2,195.0,32,100.0,8,1,1,1,1,0,0,1,0,1,0,0,0,77
6.6,4200,8,202.0,128,290.0,8,1,1,1,1,1,0,0,1,0,0,0,1,13
6.53,5000,4,196.0,32,77.77,12,1,1,0,1,0,0,1,0,0,0,0,0,77
6.5,5000,3,196.0,32,126.99,8,1,1,0,1,0,0,1,0,0,0,0,0,76
6.53,5000,6,196.0,32,73.99,12,1,1,0,1,0,0,0,1,0,0,0,0,77
7.09,5000,8,232.0,64,240.0,2,1,1,1,1,1,0,1,0,0,0,0,0,7
6.5,4000,8,192.0,64,220.0,2,1,1,1,1,1,0,1,0,0,0,0,0,13
6.7,4500,8,188.0,128,220.0,9,1,1,1,1,1,0,1,1,1,1,0,1,13
6.67,5000,6,209.0,64,170.0,12,1,1,1,1,1,0,1,1,1,0,0,1,13
6.57,4200,8,194.0,128,500.0,8,1,1,1,1,1,0,1,1,0,0,0,0,13
6.2,4230,3,165.0,32,270.0,7,21,1,0,1,0,0,1,0,0,0,0,0,75
6.2,4000,3,168.0,32,60.0,9,21,0,0,1,0,0,1,0,0,0,0,0,75
6.44,4115,6,184.0,64,319.0,6,1,1,1,1,1,0,1,1,1,1,0,0,13
5.3,3000,2,150.0,16,110.0,9,1,0,0,1,0,0,1,0,0,0,0,0,73
6.65,5000,8,239.0,128,100.0,5,1,1,1,1,1,0,1,0,0,0,0,0,10
6.65,5000,16,239.0,256,510.0,5,1,1,1,1,1,0,1,0,0,0,0,0,10
6.7,3300,8,183.0,256,300.0,9,1,1,1,1,1,0,1,1,1,1,0,1,19
6.5,4300,6,191.0,64,150.0,8,1,1,1,1,1,0,1,0,1,0,0,0,13
6.5,4040,8,175.0,128,290.0,7,1,1,1,1,1,0,1,0,1,0,0,0,13
5.3,3000,2,150.0,16,150.0,9,1,0,0,1,0,0,1,0,0,0,0,0,73
6.8,4300,6,180.0,128,470.0,4,1,1,1,1,1,0,1,1,0,0,0,0,17
6.5,6000,4,209.0,32,95.988,8,1,1,0,1,0,0,1,0,0,0,0,0,77
6.4,4015,8,165.0,128,355.0,7,1,1,1,1,1,0,1,1,0,0,0,0,13
6.5,6000,8,203.0,128,110.0,9,1,1,1,1,1,0,1,0,0,0,0,0,13
6.67,4729,12,222.0,128,600.0,12,1,1,1,1,1,0,1,1,1,1,0,0,13
6.5,4000,8,161.0,128,250.0,7,1,1,1,1,1,0,1,0,1,0,0,0,13
6.5,5000,8,194.0,128,180.0,8,1,1,1,1,1,0,1,0,1,0,0,0,13
5.81,3140,6,143.0,128,330.0,1,1,1,1,1,1,0,1,0,1,0,0,0,10
6.53,5020,4,198.0,64,127.188,12,1,1,0,1,0,0,1,0,0,0,0,0,10
6.4,4025,8,180.0,128,1349.0,7,1,1,1,1,1,0,1,1,0,0,0,0,13
6.7,4300,8,192.0,128,850.0,9,1,0,1,1,1,1,1,1,1,1,0,1,13
6.7,4300,8,192.0,256,800.0,9,1,0,1,1,1,1,1,1,1,1,0,1,13
6.9,4500,8,208.0,256,261.0,9,1,0,1,1,1,1,1,1,1,1,0,1,48
6.9,4500,8,208.0,128,1250.0,9,1,0,1,1,1,1,1,1,1,1,0,1,48
7.6,4500,12,282.0,256,850.0,9,1,1,1,1,1,0,1,1,1,1,0,1,56
6.67,4500,8,213.0,128,250.0,12,1,1,1,1,1,0,1,1,0,0,0,1,13
6.67,4500,8,221.0,128,650.0,12,1,0,1,1,1,1,0,1,0,0,0,1,10
6.5,6000,4,209.0,32,110.0,8,1,1,0,1,0,0,1,0,0,0,0,0,76
6.5,4500,6,188.0,128,960.0,9,1,1,1,1,1,0,1,0,1,0,0,0,13
6.8,4300,6,187.0,128,270.0,4,1,1,1,1,1,0,1,1,0,0,0,0,17
6.5,5000,6,186.0,64,1000.0,7,1,1,0,1,0,0,1,0,0,0,0,0,77
5.7,3000,2,146.0,32,590.0,4,1,0,0,1,0,0,1,0,0,0,0,0,75
6.67,4000,6,193.0,128,150.0,4,1,1,1,1,1,0,1,0,0,0,0,0,13
6.53,5000,4,194.0,64,110.0,12,1,1,0,1,0,0,1,0,0,0,0,0,77
6.53,5000,4,196.0,32,100.0,12,1,1,0,1,0,0,1,0,0,0,0,0,77
6.7,7000,8,213.0,128,470.0,9,1,1,1,1,1,0,1,0,0,0,0,0,13
6.55,4500,8,184.0,128,470.0,8,1,1,1,1,1,0,0,1,1,0,0,0,13
6.4,4300,8,175.0,128,330.0,8,1,1,1,1,1,0,1,0,1,0,0,0,13
6.5,5000,8,189.0,64,120.0,8,1,1,1,1,1,0,0,1,0,0,0,0,77
6.43,4015,8,164.0,128,330.0,7,1,1,1,1,1,0,1,0,1,0,0,0,13
6.44,4015,8,163.0,64,230.0,7,1,1,0,1,0,0,1,0,0,0,0,0,13
6.6,5000,8,193.0,128,470.0,9,1,1,1,1,1,0,1,0,0,0,1,0,77
6.63,4200,8,197.0,128,210.0,3,1,1,1,1,1,0,1,0,0,0,0,0,13
6.5,5000,8,196.0,64,170.0,8,1,1,1,1,1,0,1,0,1,0,0,0,13
6.4,4500,8,182.0,128,340.0,8,1,1,1,1,1,0,1,0,1,0,0,0,13
6.6,5000,6,188.0,64,250.0,3,1,1,0,1,0,0,1,0,0,0,0,0,77
6.67,5160,8,215.0,64,260.0,12,1,1,1,1,1,0,1,1,1,0,0,1,13
6.63,4300,8,197.0,128,280.0,3,1,1,1,1,1,0,1,0,0,0,0,0,13
6.53,5000,6,198.0,64,125.988,12,1,1,0,1,0,0,1,0,0,0,0,0,10
6.53,5000,2,194.0,32,75.73,12,1,1,0,1,0,0,0,1,0,0,0,0,77
6.5,5000,8,186.0,64,120.0,7,1,1,0,1,0,0,1,0,0,0,0,0,77
6.3,4000,4,171.0,128,200.0,2,1,1,0,1,0,0,1,0,0,0,0,0,13
6.2,3000,3,169.0,32,360.0,4,1,1,0,1,0,0,1,0,0,0,0,0,75
6.8,4000,8,260.0,128,140.0,4,1,1,1,1,1,0,0,1,0,0,0,0,17
6.53,5000,4,194.0,64,113.988,12,1,1,0,1,0,0,1,0,0,0,0,0,77
5.7,3000,3,145.0,32,130.0,4,1,0,0,1,0,0,1,0,0,0,0,0,75
6.5,5000,8,188.0,64,180.0,8,1,1,0,1,0,0,1,0,0,0,0,0,77
6.1,4000,8,163.0,128,650.0,10,1,0,1,1,1,0,0,0,1,0,0,0,18
6.8,4000,4,220.0,128,850.0,4,1,1,0,1,0,0,1,0,0,0,0,0,17
6.6,4000,3,182.0,64,140.0,4,1,1,0,1,0,0,1,0,0,0,0,0,77
6.43,4300,8,169.0,128,390.0,7,1,1,1,1,1,0,1,0,1,0,0,0,13
6.5,6000,4,208.0,64,130.0,8,1,1,0,1,0,0,0,1,0,0,0,0,77
6.5,5000,6,188.0,64,160.0,8,1,1,0,1,0,0,1,0,0,0,0,0,77
6.5,5000,4,195.0,32,100.0,8,1,1,1,1,1,0,1,0,1,0,0,0,77
6.5,4500,8,191.0,64,170.0,8,1,1,1,1,1,0,1,1,0,0,0,0,13
6.67,6000,8,225.0,64,191.88,12,1,1,1,1,1,0,1,1,1,0,0,1,13
6.6,4000,4,186.0,64,290.0,4,1,1,0,1,0,0,1,0,0,0,0,0,77
6.6,4000,4,188.0,64,220.0,4,1,1,0,1,0,0,1,0,0,0,0,0,77
6.5,4500,8,190.0,128,299.99,9,1,0,1,1,1,0,0,1,0,0,0,0,13
6.5,4500,8,190.0,128,390.0,9,1,0,1,1,1,0,0,1,0,0,0,0,13
6.6,4000,4,186.0,64,240.0,4,1,1,0,1,0,0,1,0,0,0,0,0,77
6.67,5000,4,206.0,64,200.0,3,1,1,0,1,0,0,0,1,0,0,0,0,13
6.43,4015,8,164.0,128,168.92,7,1,1,1,1,1,0,1,0,1,0,0,0,13
6.5,5000,4,186.0,32,190.0,7,1,1,0,1,0,0,1,0,0,0,0,0,77
6.7,4000,6,202.0,128,340.0,4,1,1,1,1,1,0,1,0,0,0,0,0,13
6.57,4000,8,184.0,128,150.0,7,1,1,1,1,1,0,1,0,0,0,0,0,13
6.0,4080,8,151.0,128,238.0,1,3,1,1,1,1,0,1,1,1,1,0,0,10
6.67,5000,8,218.0,128,369.31,12,1,1,1,1,1,1,1,1,1,0,0,0,13
6.2,3885,6,168.0,128,380.0,1,3,1,1,1,1,0,1,1,1,1,0,0,10
6.67,5000,8,216.0,128,429.99,12,1,1,1,1,1,1,1,1,0,0,0,1,13
6.67,4820,6,214.0,64,322.99,12,1,1,1,1,1,0,1,1,1,1,0,1,13
6.43,4000,8,164.0,128,200.0,7,1,1,1,1,1,0,1,0,1,0,0,0,13
6.44,4015,6,163.0,128,270.0,7,1,1,0,1,0,0,1,0,0,0,0,0,13
6.43,5000,4,194.0,32,80.0,12,1,1,0,1,0,0,1,0,0,0,0,0,77
6.5,5000,8,196.0,64,250.0,8,1,1,1,1,1,0,1,0,1,0,0,0,13
6.4,6000,6,191.0,64,330.0,9,1,1,1,1,1,0,1,0,0,0,0,0,10
6.43,4000,8,164.0,128,370.0,7,1,1,1,1,1,0,1,0,1,0,0,0,13
6.5,5000,4,186.0,64,320.0,7,1,1,0,1,0,0,1,0,0,0,0,0,77
6.1,2815,6,189.0,128,567.86,0,30,0,1,1,1,0,1,1,1,1,0,0,22
6.1,2815,4,164.0,64,607.0,0,30,0,1,1,1,0,1,1,1,1,0,0,22
6.7,3687,6,228.0,128,1298.67,0,30,0,1,1,1,0,1,1,1,1,0,0,39
6.5,5000,4,189.0,128,130.0,8,1,1,1,1,1,0,0,1,0,0,0,0,77
6.5,5000,6,194.0,128,160.0,8,1,1,1,1,1,0,1,0,1,0,0,0,13
6.4,4300,8,175.0,128,310.0,8,1,1,1,1,1,0,1,0,1,0,0,0,13
5.4,2227,4,135.0,64,868.24,0,30,0,1,1,1,0,1,1,1,1,0,0,10
6.55,4500,8,188.0,128,269.0,6,3,1,1,1,1,0,1,1,1,1,0,0,13
6.4,6000,6,191.0,128,200.0,9,1,1,1,1,1,0,1,0,0,0,0,0,10
6.55,4500,12,187.0,256,640.0,6,3,1,1,1,1,0,1,1,1,1,0,0,13
6.52,4230,3,175.0,32,130.0,7,1,1,0,1,0,0,1,0,0,0,0,0,77
6.53,5000,4,205.0,64,90.0,5,1,1,0,1,0,0,1,0,0,0,0,0,76
6.5,4000,8,189.0,128,160.0,3,1,1,1,1,1,0,1,0,0,0,0,0,13
6.67,5000,4,206.0,64,230.0,3,1,1,0,1,0,0,0,1,0,0,0,0,13
6.76,4400,8,230.0,256,790.0,3,1,1,1,1,1,0,0,1,0,0,1,1,42
6.76,4400,8,212.0,128,630.0,3,1,1,1,1,1,0,0,1,0,0,1,1,42
6.76,4400,8,234.0,256,1400.0,3,1,1,1,1,1,0,0,1,0,0,1,1,42
6.53,4500,8,198.0,128,290.0,3,1,1,1,1,1,0,0,1,1,0,0,1,23
6.5,4200,8,188.0,128,680.0,3,1,1,1,1,1,0,1,1,1,1,0,1,11
6.52,5000,4,188.0,64,123.22,6,1,1,0,1,0,0,1,0,0,0,0,0,77
6.49,4300,6,190.0,128,226.72,6,1,1,1,1,1,0,1,0,1,0,0,0,13
6.67,5000,8,216.0,128,330.0,12,1,1,1,1,1,1,1,1,0,0,0,1,13
6.5,6000,4,209.0,32,110.0,8,1,1,0,1,0,0,1,0,0,0,0,0,77
6.67,5000,4,206.0,128,230.0,2,1,1,0,1,0,0,0,1,0,0,0,0,13
6.5,4040,8,177.0,128,260.0,7,1,1,0,1,0,0,1,0,0,0,0,0,13
6.5,5000,8,194.0,128,349.0,7,1,1,1,1,1,0,1,0,1,0,0,0,13
6.4,6000,4,191.0,64,190.0,9,1,1,1,1,1,0,1,0,0,0,0,0,10
6.52,4000,4,173.0,64,130.0,4,1,1,0,1,0,0,1,0,0,0,0,0,77
6.52,4000,4,173.0,128,140.0,4,1,1,0,1,0,0,1,0,0,0,0,0,77
6.53,3800,8,178.0,128,1400.0,3,1,1,1,1,1,0,1,0,0,0,0,0,13
6.5,5000,8,195.0,128,276.92,8,1,1,1,1,1,0,1,0,1,0,0,0,13
6.5,5000,4,196.0,16,230.0,9,1,1,0,1,0,0,1,0,0,0,0,0,77
6.53,6000,6,198.0,64,199.99,12,1,1,0,1,0,0,1,0,0,0,0,0,10
6.5,5000,6,205.0,32,80.0,9,1,1,0,1,0,0,1,0,0,0,0,0,77
6.53,5000,8,199.0,64,170.0,12,1,1,1,1,1,0,1,1,0,0,0,0,10
6.67,4820,8,215.0,128,370.0,12,1,1,1,1,1,0,1,1,0,0,0,0,13
6.53,6000,8,198.0,128,130.0,12,1,1,0,1,0,0,1,0,0,0,0,0,10
6.8,6000,4,221.0,64,130.0,5,1,1,0,1,0,0,0,1,0,0,0,0,79
6.5,5000,4,200.0,64,100.0,5,1,1,0,1,0,0,0,1,0,0,0,0,77
6.55,4350,8,173.0,128,529.0,7,3,1,1,1,1,0,1,0,1,0,0,0,13
6.43,4300,8,172.0,128,280.0,7,3,1,1,1,1,0,1,0,1,0,0,0,13
6.53,6000,6,198.0,64,120.0,12,1,1,0,1,0,0,1,0,0,0,0,0,10
6.52,4230,4,177.0,64,299.0,7,1,1,0,1,0,0,1,0,0,0,0,0,77
6.5,4040,8,175.0,128,169.0,7,1,1,1,1,1,0,1,0,1,0,0,0,13
6.5,6000,4,208.0,64,190.0,8,1,1,0,1,0,0,0,1,0,0,0,0,77
6.72,4000,8,184.0,128,410.0,3,1,1,1,1,1,0,0,1,0,0,0,1,35
6.57,3800,8,169.0,128,160.0,3,1,1,1,1,1,0,0,1,0,0,0,1,10
6.67,5000,8,206.0,128,330.0,3,1,1,0,1,0,0,0,1,0,0,0,0,13
6.55,4500,8,184.0,128,250.0,7,3,1,1,1,1,0,1,1,1,1,0,0,13
6.81,4600,6,196.0,128,792.43,12,3,1,1,1,1,1,1,1,1,1,0,0,51
6.4,4310,8,171.0,128,240.0,7,3,1,1,1,1,0,1,1,0,0,1,1,13
6.67,4820,8,214.0,128,250.0,12,1,1,1,1,1,0,1,1,1,0,0,1,13
6.5,5000,4,196.0,32,220.0,9,1,1,0,1,0,0,1,0,0,0,0,0,77
6.4,4310,8,176.0,128,190.0,8,1,1,1,1,1,0,1,0,1,0,0,0,13
6.53,5000,6,199.0,64,163.98,12,1,1,1,1,1,0,1,1,0,0,0,0,10
6.53,6000,6,198.0,64,189.99,12,1,1,0,1,0,0,1,0,0,0,0,0,10
6.5,5000,8,205.0,64,100.0,9,3,0,1,1,1,0,1,0,1,0,0,0,77
6.8,5000,16,227.0,128,539.47,9,3,0,1,1,1,1,1,1,1,1,0,1,51
6.5,5000,8,188.0,128,410.0,7,3,1,0,1,0,0,1,0,0,0,0,0,13
6.2,4000,8,169.0,128,240.45,9,3,0,1,1,1,1,1,1,1,1,0,1,13
6.7,4800,8,200.0,128,443.89,9,3,0,1,1,1,1,1,1,1,1,0,1,13
6.5,5000,2,190.0,32,90.0,8,1,1,0,1,0,0,1,0,0,0,0,0,77
6.72,4000,8,189.0,128,460.0,2,1,1,1,1,1,0,0,0,0,0,0,0,35
6.5,5000,8,186.0,128,500.0,7,3,1,0,1,0,0,1,0,0,0,0,0,77
6.5,5000,4,206.0,32,146.98,9,1,1,0,1,0,0,1,0,0,0,0,0,77
6.5,5000,3,206.0,32,169.0,9,1,1,0,1,0,0,1,0,0,0,0,0,77
6.4,4310,8,176.0,128,230.0,8,1,1,1,1,1,0,1,0,1,0,0,0,13
6.5,6000,6,221.0,64,666.9,9,3,1,0,1,0,0,1,0,0,0,0,0,77
6.5,5000,6,186.0,128,160.0,8,3,1,1,1,1,0,0,1,0,0,0,0,77
6.7,7000,8,218.0,128,130.0,9,3,1,1,1,1,0,1,0,0,0,0,0,13
8.0,4500,8,295.0,256,600.0,3,1,1,1,1,1,0,0,1,0,0,0,0,65
6.55,5000,6,201.0,128,180.0,4,1,1,0,1,0,0,1,0,0,0,0,0,84
6.55,5000,4,201.0,128,170.0,4,1,1,0,1,0,0,1,0,0,0,0,0,84
6.55,5000,4,201.0,64,160.0,4,1,1,0,1,0,0,1,0,0,0,0,0,84
6.7,7000,8,218.0,128,270.0,9,3,1,1,1,1,0,1,0,0,0,0,0,13
6.5,6000,4,205.0,32,435.0,8,1,1,0,1,0,0,1,0,0,0,0,0,77
6.5,5000,8,196.0,64,200.0,8,1,1,1,1,1,0,1,0,1,0,0,0,13
6.67,4520,6,196.0,128,280.0,12,3,1,1,1,1,0,1,1,0,0,0,1,13
6.67,4520,6,196.0,128,360.0,12,3,1,1,1,1,1,1,1,0,0,0,1,13
6.67,4520,12,196.0,256,470.0,12,3,1,1,1,1,1,1,1,0,0,0,1,13
6.43,4300,8,172.0,128,310.0,7,3,1,1,1,1,0,1,0,1,0,0,0,13
6.4,5000,8,184.0,64,274.44,9,3,0,0,1,0,0,1,0,0,0,0,0,13
6.1,3800,8,175.0,128,2300.0,3,1,1,1,1,1,0,0,1,0,0,0,1,10
8.01,5020,16,317.0,256,1300.0,12,1,1,1,1,1,1,1,1,0,0,0,0,60
6.43,5000,8,178.0,64,179.0,12,3,1,1,1,1,0,1,1,1,0,0,1,13
6.67,5020,8,193.0,64,199.0,12,3,1,1,1,1,0,1,1,0,0,0,0,13
6.5,5000,8,190.0,64,176.4,12,3,1,0,1,0,0,1,0,0,0,0,0,13
6.43,5000,6,178.0,64,249.99,12,3,1,1,1,1,0,1,1,0,0,0,0,13
6.67,5020,8,192.0,64,220.0,12,3,1,1,1,1,0,1,1,1,0,0,1,13
6.67,5020,8,192.0,64,180.0,12,3,1,1,1,1,0,1,1,1,0,0,1,13
5.3,3000,4,172.0,64,215.98,9,3,0,0,1,0,0,1,0,0,0,0,0,73
6.43,4500,8,186.0,128,349.99,8,3,1,1,1,1,0,1,1,1,1,0,0,13
6.43,4310,8,172.0,128,260.0,7,3,1,1,1,1,0,1,0,1,0,0,0,13
6.5,5000,4,190.0,32,141.04,8,1,1,0,1,0,0,1,0,0,0,0,0,77
6.43,4310,8,173.0,128,370.0,7,3,1,1,1,1,0,1,0,1,0,0,0,13
6.43,4310,8,172.0,128,200.0,7,3,1,1,1,1,0,1,0,1,0,0,0,13
6.67,4780,8,208.0,128,430.0,12,3,1,1,1,1,1,1,1,1,0,0,0,10
6.5,4200,8,188.0,128,500.0,3,1,1,1,1,1,0,0,0,0,0,0,0,11
6.43,4300,8,172.0,128,250.0,7,3,1,1,1,1,0,1,0,1,0,0,0,13
6.55,4500,12,184.0,128,275.0,7,3,1,1,1,1,0,0,1,0,0,0,0,13
6.7,4500,8,193.0,128,300.0,7,3,1,1,1,1,0,1,1,1,1,0,0,52
6.7,4500,8,193.0,256,250.0,7,3,1,1,1,1,0,1,1,1,1,0,0,52
6.5,4500,8,189.0,128,364.88,9,3,1,1,1,1,0,1,1,0,0,0,0,13
6.7,5000,8,203.0,128,449.9,9,3,0,1,1,1,0,1,1,0,0,0,0,13
6.5,4500,8,189.0,128,349.0,9,3,1,1,1,1,0,1,1,0,0,0,0,13
6.43,4310,8,172.0,128,130.0,7,3,1,1,1,1,0,1,0,1,0,0,0,13
6.67,4520,8,196.0,128,380.0,12,3,1,1,1,1,0,1,1,0,0,0,1,13
6.67,5160,8,215.0,128,274.09,12,3,1,1,1,1,0,1,1,1,1,0,1,13
6.57,3800,8,169.0,128,390.0,2,1,1,1,1,1,0,0,1,0,0,0,1,10
6.55,4500,8,189.0,128,308.0,6,1,1,1,1,1,0,1,1,1,1,0,0,13
6.55,4500,8,192.0,128,304.2,6,3,1,1,1,1,1,1,1,1,1,0,0,13
6.43,4310,8,172.0,128,260.0,7,3,1,1,1,1,0,1,0,1,0,0,0,13
6.7,4500,8,197.0,128,372.4,6,3,1,1,1,1,1,1,1,1,1,0,0,52
6.5,6000,4,209.0,64,140.0,8,3,1,0,1,0,0,1,0,0,0,0,0,77
6.67,4500,6,210.0,128,930.0,12,3,1,1,1,1,0,1,1,1,1,0,1,13
6.67,4500,8,220.0,128,500.0,12,3,1,1,1,1,0,1,1,1,1,0,1,13
6.57,4500,8,198.0,128,320.0,11,3,1,1,1,1,0,1,0,0,0,0,0,15
6.4,4500,8,176.0,128,550.0,8,3,1,1,1,1,0,1,1,0,0,1,1,13
6.4,5000,8,177.0,64,178.9,8,3,1,1,1,1,0,1,0,1,0,0,0,13
6.51,5000,6,192.0,64,311.88,7,1,1,0,1,0,0,1,0,0,0,0,0,77
6.81,5000,8,234.0,256,1500.0,12,3,1,1,1,1,1,0,1,0,0,0,0,51
6.55,4250,8,157.0,64,478.13,12,3,1,1,1,1,0,1,0,1,0,0,0,13
6.67,4520,8,196.0,128,525.0,12,3,1,1,1,1,1,1,1,0,0,0,1,13
6.55,4250,8,159.0,64,271.8,12,3,1,1,1,1,0,1,0,1,0,0,0,13
6.81,5000,8,208.0,128,561.25,12,3,1,1,1,1,1,0,1,0,0,0,0,51
6.43,4500,6,179.0,128,260.0,8,3,1,1,1,1,0,0,1,0,0,1,0,13
6.5,5000,8,185.0,128,210.0,8,3,1,0,1,0,0,1,0,0,0,0,0,13
6.43,5000,6,175.0,128,255.0,7,3,1,0,1,0,0,1,0,0,0,0,0,13
6.55,4500,8,170.0,128,310.0,8,3,1,1,1,1,0,0,1,0,0,0,0,13
6.43,4310,8,173.0,128,161.88,7,3,1,1,1,1,0,1,0,0,0,0,0,13
6.5,5000,4,196.0,32,100.0,9,1,1,0,1,0,0,1,0,0,0,0,0,77
6.5,5000,8,190.0,128,600.0,7,3,1,0,1,0,0,1,0,0,0,0,0,13
6.43,5000,8,175.0,128,405.99,7,3,1,0,1,0,0,1,0,0,0,0,0,13
6.5,6000,4,221.0,64,130.0,9,3,1,0,1,0,0,1,0,0,0,0,0,77
6.92,5500,18,259.0,128,880.0,5,3,1,1,1,1,1,1,1,1,1,0,0,17
6.92,5500,16,259.0,256,800.0,5,3,1,1,1,1,1,1,1,1,1,0,0,17
6.7,4500,6,176.0,128,520.0,9,3,1,1,1,1,0,1,1,1,1,0,0,51
6.52,4230,4,177.0,64,220.0,7,1,1,0,1,0,0,1,0,0,0,0,0,77
6.5,4500,12,186.0,256,495.0,10,3,1,1,1,1,0,0,0,1,0,0,0,55
6.1,4500,8,168.0,128,589.99,10,3,1,1,1,1,0,0,0,1,0,0,0,18
6.5,5000,4,190.0,64,517.28,7,3,1,0,1,0,0,1,0,0,0,0,0,13
6.0,4500,6,169.0,128,746.0,10,3,1,1,1,1,0,1,0,0,0,0,0,18
6.43,4310,8,173.0,128,300.0,7,3,1,1,1,1,0,1,0,0,0,0,0,13
6.5,5000,4,212.0,32,428.47,9,3,1,0,1,0,0,1,0,0,0,0,0,77
6.6,5000,8,191.0,128,170.0,2,1,1,0,1,0,0,1,0,0,0,0,0,77
6.5,5000,8,185.0,64,405.0,8,3,1,0,1,0,0,1,0,0,0,0,0,13
6.53,5000,4,198.0,64,100.0,12,1,1,0,1,0,0,1,0,0,0,0,0,10
6.5,5000,6,185.0,128,130.0,8,3,1,0,1,0,0,1,0,0,0,0,0,13
6.5,5000,8,189.0,128,170.0,8,3,1,1,1,1,0,1,1,0,0,0,0,13
6.43,4500,8,179.0,128,210.0,8,3,1,1,1,1,0,0,1,0,0,0,0,13
6.67,4520,8,196.0,128,359.988,12,3,1,1,1,1,0,1,1,0,0,0,1,13
6.67,4520,8,196.0,128,479.988,12,3,1,1,1,1,1,1,1,0,0,0,1,13
6.62,4400,8,196.0,128,350.0,11,3,1,1,1,1,0,1,0,0,0,0,0,13
6.52,5000,8,198.0,64,110.0,2,1,1,0,1,0,0,1,0,0,0,0,0,77
6.72,4000,8,184.0,128,600.0,3,1,1,1,1,1,0,0,1,0,0,0,1,35
6.52,5000,8,189.0,128,151.9,7,3,1,0,1,0,0,1,0,0,0,0,0,77
6.44,4000,8,171.0,128,350.0,11,3,1,1,1,1,0,1,1,0,0,0,0,13
6.43,4310,8,173.0,128,215.0,7,3,1,1,1,1,0,1,0,1,0,0,0,13
6.44,4000,8,176.0,128,350.0,11,3,1,1,1,1,0,1,1,0,0,0,0,13
6.44,4000,8,176.0,128,350.0,11,3,1,1,1,1,0,1,1,0,0,0,0,13
6.67,5065,6,205.0,128,260.0,12,3,1,1,1,1,0,1,1,1,0,0,1,13
6.6,5000,8,190.0,128,220.0,9,3,1,1,1,1,0,1,0,0,0,1,0,77
6.58,5000,8,185.0,128,350.0,11,3,1,0,1,0,0,1,0,0,0,0,0,15
6.43,4300,8,172.0,128,330.0,7,3,1,1,1,1,0,1,0,1,0,0,0,13
6.5,5000,2,190.0,32,90.0,8,1,1,0,1,0,0,1,0,0,0,0,0,77
6.51,5000,3,191.0,32,350.0,11,3,1,0,1,0,0,1,0,0,0,0,0,77
6.53,3800,8,179.0,128,270.0,2,1,1,1,1,1,0,1,0,0,0,0,0,13
6.5,5000,6,192.0,64,445.0,8,3,1,1,1,1,0,1,0,1,0,0,0,13
6.58,5000,4,193.0,128,240.0,11,3,1,0,1,0,0,1,0,0,0,0,0,15
6.5,5000,6,190.0,64,188.41,12,3,1,0,1,0,0,1,0,0,0,0,0,13
6.6,4500,8,199.0,128,260.0,9,3,1,1,1,1,0,1,0,1,0,0,0,15
6.56,4200,8,176.0,128,269.0,11,3,1,1,1,1,0,1,0,0,0,0,0,11
6.43,4500,8,179.0,256,290.0,8,3,1,1,1,1,0,0,1,0,0,1,0,13
6.3,4000,4,190.0,64,179.0,12,3,1,0,1,0,0,0,0,1,0,0,0,10
6.43,4500,8,174.0,128,230.0,8,3,1,1,1,1,0,0,1,0,0,0,0,13
6.6,5000,8,193.0,128,200.0,12,3,1,1,1,1,0,1,1,1,0,0,1,13
6.5,5000,6,185.0,64,219.98,8,3,1,0,1,0,0,1,0,0,0,0,0,13
6.55,4500,8,177.0,128,170.0,7,3,1,1,1,1,0,1,1,0,0,0,0,13
6.43,4300,8,182.0,128,264.61,7,3,1,1,1,1,0,1,1,0,0,0,0,13
6.55,4500,8,188.0,128,260.0,7,3,1,1,1,1,0,0,1,1,0,0,0,13
6.43,4500,8,179.0,128,310.0,8,3,1,1,1,1,0,0,1,0,0,1,0,13
6.4,5000,6,186.0,64,310.14,9,3,1,0,1,0,0,1,0,0,0,0,0,77
6.6,5000,8,203.0,64,229.0,9,3,1,0,0,0,0,1,0,0,0,0,0,13
6.53,4500,8,190.0,128,270.0,11,1,1,1,1,1,0,1,1,0,0,0,0,10
6.51,5000,6,191.0,128,212.4,11,3,1,0,1,0,0,1,0,0,0,0,0,77
6.5,6000,4,209.0,64,239.95,8,3,1,0,1,0,0,0,1,0,0,0,0,77
6.58,5000,8,189.0,128,120.0,11,3,1,0,1,0,0,0,1,0,0,0,0,15
6.44,4000,8,170.0,128,230.0,11,3,1,1,1,1,0,1,1,0,0,0,0,13
6.43,4500,6,170.0,128,455.0,6,3,1,1,1,1,0,1,0,1,0,0,0,13
6.57,4300,6,175.0,128,455.0,2,3,1,1,1,1,0,1,1,0,0,0,0,10
6.78,4000,8,191.0,128,310.0,2,3,1,1,1,1,0,1,1,0,0,0,0,12
6.72,4000,8,187.0,256,480.0,2,3,1,1,1,1,0,1,1,0,0,0,0,35
6.5,5000,4,200.0,32,130.0,8,2,1,0,1,0,0,1,0,0,0,0,0,77
6.49,5000,4,189.0,64,149.99,6,3,1,0,1,0,0,1,0,0,0,0,0,13
6.4,6000,8,180.0,64,269.99,9,3,0,0,1,0,0,1,0,0,0,0,0,13
6.51,5000,3,191.0,32,221.88,11,3,1,0,1,0,0,1,0,0,0,0,0,77
6.5,5000,4,200.0,128,120.0,5,3,1,0,1,0,0,1,0,0,0,0,0,77
6.44,4000,8,165.0,128,240.0,11,3,1,1,1,1,0,1,0,0,0,0,0,13
6.56,4200,8,191.0,128,290.0,11,3,1,1,1,1,1,1,1,0,0,0,0,11
6.52,5000,4,190.0,32,89.988,8,3,1,0,1,0,0,1,0,0,0,0,0,77
6.6,4000,8,179.0,128,240.0,2,3,1,0,1,0,0,1,0,0,0,0,0,13
6.4,6000,6,203.0,64,170.0,9,3,1,0,1,0,0,1,0,0,0,0,0,77
6.67,4300,8,190.0,128,246.68,3,1,1,0,1,0,0,1,0,0,0,0,0,11
6.58,5000,8,190.0,128,460.0,11,3,1,0,1,0,0,1,0,0,0,0,0,15
6.44,4050,8,173.0,128,650.0,11,3,1,1,1,1,0,1,0,0,0,0,0,13
6.44,4050,8,173.0,128,310.89,11,3,1,1,1,1,0,1,0,0,0,0,0,13
6.58,5000,8,185.0,128,190.0,11,3,1,0,1,0,0,1,0,0,0,0,0,15
6.52,5000,4,190.0,32,309.99,7,3,1,0,1,0,0,1,0,0,0,0,0,77
6.5,5000,6,190.0,64,170.0,12,3,1,0,1,0,0,1,0,0,0,0,0,13
6.4,4310,8,173.0,128,520.0,7,3,1,1,1,1,0,1,0,1,0,0,0,13
6.4,6000,6,192.0,64,130.0,9,3,1,1,1,1,0,1,1,1,1,0,0,10
6.55,4500,8,183.0,128,380.0,8,3,1,1,1,1,0,0,1,0,0,0,0,13
6.43,4300,8,174.0,128,499.0,8,3,1,1,1,1,0,1,1,0,0,0,0,13
6.43,4500,6,189.0,128,299.0,6,3,1,1,1,1,0,1,0,1,0,0,0,13
6.67,5065,8,205.0,128,239.988,12,3,1,1,1,1,0,1,1,1,0,0,1,13
6.5,5000,8,188.0,128,160.0,7,3,1,0,1,0,0,1,0,0,0,0,0,13
6.4,4310,8,173.0,128,175.95,7,3,1,1,1,1,0,1,0,1,0,0,0,13
6.6,5000,8,193.0,128,309.52,12,3,1,1,1,1,0,1,0,1,0,0,0,13
6.6,4000,8,179.0,128,250.0,3,1,1,0,1,0,0,1,0,0,0,0,0,13
6.6,4000,8,179.0,128,200.0,2,3,1,0,1,0,0,1,0,0,0,0,0,13
6.57,3800,8,169.0,128,420.0,3,3,1,1,1,1,0,0,1,0,0,0,1,10
6.5,5000,4,205.0,32,249.0,9,3,1,0,1,0,0,1,0,0,0,0,0,77
6.67,4500,8,225.0,128,660.0,12,3,1,1,1,1,1,0,1,0,0,1,0,13
6.7,3300,8,183.0,128,613.0,9,3,1,1,1,1,0,1,1,1,1,0,1,20
7.6,4400,12,271.0,256,835.0,9,3,1,1,1,1,0,1,1,1,1,0,1,56
6.76,4600,12,236.0,512,1070.0,2,3,1,1,1,1,0,0,1,0,0,0,0,42
6.76,4600,8,203.0,128,670.0,2,3,1,1,1,1,0,0,1,0,0,0,0,42
6.5,5000,6,205.0,64,160.0,9,3,1,0,1,0,0,1,0,0,0,0,0,77
6.76,4600,8,212.0,256,800.0,2,3,1,1,1,1,0,0,1,0,0,0,0,42
6.67,4300,8,192.0,128,250.0,2,3,1,1,1,1,0,1,0,0,0,0,0,11
6.52,5000,4,190.0,64,329.0,7,3,1,0,1,0,0,1,0,0,0,0,0,77
6.5,4500,8,189.0,128,334.0,9,3,0,1,1,1,0,1,1,0,0,0,0,13
6.56,4350,8,200.0,128,240.0,11,3,1,1,1,1,0,1,0,0,0,0,0,11
6.34,4680,6,183.0,128,357.61,1,3,1,1,1,1,0,1,1,1,1,0,0,13
6.78,4500,8,205.0,256,370.0,11,3,1,0,1,0,1,1,0,0,0,0,0,51
6.5,5000,4,196.0,32,149.0,9,3,1,0,1,0,0,1,0,0,0,0,0,77
6.5,5000,6,181.0,64,135.52,12,3,1,0,1,0,0,1,0,0,0,0,0,13
6.51,5000,4,182.0,64,500.0,11,3,1,0,1,0,0,1,0,0,0,0,0,77
6.0,4500,6,169.0,64,370.0,10,3,1,1,1,1,0,1,0,0,0,0,0,18
6.58,5000,8,182.0,64,120.0,11,3,1,0,1,0,0,1,0,0,0,0,0,15
6.5,5000,8,205.0,128,220.0,9,3,0,1,1,1,0,1,0,0,0,0,0,77
6.52,5000,2,200.0,32,90.0,5,1,0,0,1,0,0,1,0,0,0,0,0,77
6.51,5000,6,200.0,64,150.0,5,3,1,0,1,0,0,0,1,0,0,0,0,77
6.5,6000,6,192.0,64,140.0,12,3,1,0,1,0,0,1,0,0,0,0,0,13
6.6,5000,4,185.0,64,150.0,3,1,1,0,1,0,0,1,0,0,0,0,0,77
6.6,5000,6,194.0,64,149.99,8,3,1,0,1,0,0,1,0,0,0,0,0,16
6.78,4500,8,209.0,256,660.0,11,3,1,1,1,1,1,1,1,0,0,0,0,51
6.56,4450,8,183.0,128,120.0,11,3,1,1,1,1,0,0,1,0,0,0,0,11
6.56,4400,8,181.0,128,500.0,11,3,1,1,1,1,0,0,1,0,0,0,0,11
6.55,4500,12,188.0,256,145.0,7,3,1,1,1,1,0,0,1,1,0,0,0,13
6.5,5000,8,191.0,128,269.988,8,3,1,0,1,0,0,1,0,0,0,0,0,13
6.4,5000,6,186.0,64,243.38,9,3,1,0,1,0,0,1,0,0,0,0,0,77
6.7,4352,6,240.0,128,897.62,0,31,0,1,1,1,0,1,1,1,1,0,0,39
5.4,2438,4,141.0,128,684.0,0,31,0,1,1,1,0,1,1,1,1,0,0,10
6.1,3240,4,174.0,128,648.0,0,31,0,1,1,1,0,1,1,1,1,0,0,22
6.1,3095,6,204.0,128,1580.09,0,31,0,1,1,1,0,1,1,1,1,0,0,22
6.55,4250,8,158.0,128,319.03,12,3,1,1,1,1,0,1,1,1,0,0,1,13
6.67,5000,8,203.0,128,329.9,12,3,1,1,1,1,0,1,0,0,0,0,0,13
6.67,5000,8,204.0,128,389.9,12,3,1,1,1,1,1,1,1,0,0,0,0,13
6.5,5000,6,200.0,64,123.18,8,3,1,0,1,0,0,1,0,0,0,0,0,77
6.51,5000,6,182.0,128,167.88,11,3,1,0,1,0,0,1,0,0,0,0,0,77
6.62,5000,8,199.0,128,278.0,8,3,1,1,1,1,0,1,1,0,0,0,0,13
6.67,5000,8,193.0,128,188.988,11,3,1,1,1,1,0,0,1,0,0,0,0,13
6.5,5000,4,195.0,32,90.0,8,3,1,0,1,0,0,1,0,0,0,0,0,77
6.5,6000,4,207.0,64,125.988,8,3,1,0,1,0,0,0,1,0,0,0,0,77
6.7,5000,8,173.0,128,398.94,9,3,0,1,1,1,0,1,1,0,0,0,0,13
6.53,5000,6,194.0,64,110.0,12,1,1,0,1,0,0,1,0,0,0,0,0,77
6.43,4500,8,180.0,128,350.0,7,3,1,1,1,1,0,1,0,1,0,0,0,13
6.55,4500,8,166.0,128,350.0,12,3,1,1,1,1,0,1,1,1,0,0,1,13
6.43,5000,6,175.0,128,560.0,7,3,1,0,1,0,0,1,0,0,0,0,0,13
6.53,5000,3,194.0,32,89.988,12,1,1,0,1,0,0,0,1,0,0,0,0,77
6.53,5000,4,194.0,64,94.788,12,1,1,0,1,0,0,1,0,0,0,0,0,77
6.6,5000,8,203.0,128,240.0,9,3,1,0,0,0,0,1,0,0,0,0,0,15
6.53,5000,4,194.0,32,80.16,12,1,1,0,1,0,0,1,0,0,0,0,0,77
6.51,5000,6,193.0,64,399.28,7,3,1,0,1,0,0,1,0,0,0,0,0,77
6.67,5020,6,209.0,64,143.988,12,1,1,1,1,1,0,1,1,1,0,0,1,13
6.58,5000,4,191.0,128,560.0,11,3,1,0,1,0,0,1,0,0,0,0,0,15
6.51,5000,6,192.0,64,520.0,11,3,1,0,1,0,0,1,0,0,0,0,0,77
6.67,4500,8,220.0,256,650.0,12,3,1,1,1,1,0,1,1,1,1,0,1,13
6.62,4500,8,198.0,128,789.0,6,3,1,1,1,1,0,1,1,1,1,0,0,13
6.67,4500,8,210.0,128,360.0,12,3,1,1,1,1,0,1,1,1,1,0,1,13
6.51,5000,2,190.0,32,720.0,11,3,1,0,1,0,0,1,0,0,0,0,0,77
6.44,4000,8,175.0,128,1040.0,11,3,1,1,1,1,0,1,0,0,0,0,0,13
6.4,4614,8,207.0,128,339.96,1,4,0,1,1,1,0,1,1,1,1,0,0,13
6.43,4500,8,186.0,128,260.0,8,3,1,1,1,1,0,0,1,0,0,1,0,13
6.6,5000,8,199.0,128,200.0,8,3,1,1,1,1,0,1,1,0,0,0,0,16
6.7,5003,12,210.0,128,336.0,1,4,0,1,1,1,0,1,1,1,1,0,0,49
6.67,5000,8,193.0,128,250.0,11,3,1,1,1,1,0,0,1,0,0,0,0,13
6.58,5000,8,189.0,128,320.0,11,3,1,1,1,1,0,1,1,0,0,0,0,15
6.58,5000,8,189.0,128,180.0,11,3,1,1,1,1,0,1,1,0,0,0,0,15
6.59,5000,8,199.0,128,360.0,7,3,1,1,1,1,0,1,0,1,0,0,0,16
6.44,4000,8,166.0,128,110.0,11,3,1,0,1,0,0,1,0,0,0,0,0,13
6.67,4300,8,192.0,128,285.0,2,3,1,0,1,0,0,1,0,0,0,0,0,11
6.5,5000,6,189.0,128,230.0,7,3,1,0,1,0,0,1,0,0,0,0,0,77
6.67,4300,8,192.0,128,240.0,2,3,1,1,1,1,0,1,0,0,0,0,0,11
6.5,4500,12,211.0,512,998.0,10,3,1,1,1,1,0,0,0,1,0,0,0,55
6.52,5000,8,190.0,128,469.0,7,3,1,0,1,0,0,1,0,0,0,0,0,77
6.67,4500,8,204.0,128,259.99,12,3,1,1,1,1,0,1,1,1,0,0,1,13
6.6,5000,8,195.0,128,140.0,12,3,1,0,1,0,0,0,1,0,0,0,0,13
6.67,5160,8,207.0,128,220.0,12,3,1,1,1,1,0,1,1,1,0,0,1,13
6.7,4000,8,175.0,128,190.0,2,3,1,0,1,0,0,1,0,0,0,0,0,12
7.09,5000,8,228.0,128,320.0,2,3,1,1,1,1,0,1,0,0,0,0,0,7
6.52,4230,8,175.0,32,220.0,7,3,1,0,1,0,0,1,0,0,0,0,0,77
6.44,4050,8,172.0,128,240.0,11,3,1,1,1,1,0,1,0,0,0,0,0,13
6.51,5000,4,179.0,32,300.0,11,3,1,0,1,0,0,1,0,0,0,0,0,77
6.6,5000,8,195.0,64,200.43,12,3,1,0,1,0,0,0,1,0,0,0,0,13
6.58,4100,8,175.0,128,230.0,11,3,1,0,1,0,0,1,0,0,0,0,0,15
6.6,5000,8,187.0,256,290.0,8,3,1,1,1,1,0,1,1,0,0,0,0,16
6.5,5000,2,211.0,32,98.78,9,3,0,0,1,0,0,1,0,0,0,0,0,77
6.51,5000,4,179.0,64,240.0,11,3,1,0,1,0,0,1,0,0,0,0,0,77
6.53,4500,8,190.0,128,120.0,11,1,1,1,1,1,0,1,1,0,0,0,0,10
6.43,5000,8,175.0,128,192.82,7,3,1,0,1,0,0,1,0,0,0,0,0,13
6.58,4100,8,175.0,256,220.0,11,3,1,0,1,0,0,1,0,0,0,0,0,15
6.44,4050,8,172.0,128,140.0,11,3,1,1,1,1,0,1,0,0,0,0,0,13
6.58,4100,8,175.0,128,320.0,11,3,1,0,1,0,0,1,0,0,0,0,0,15
6.5,5000,6,181.0,128,164.55,12,3,1,0,1,0,0,1,0,0,0,0,0,13
6.43,4500,8,171.0,128,499.0,7,3,1,1,1,1,0,1,0,1,0,0,0,13
6.55,4500,8,180.0,256,310.0,7,3,1,1,1,1,0,1,0,1,0,0,0,13
6.43,4500,8,185.0,128,230.0,7,3,1,1,1,1,0,1,0,1,0,0,0,13
6.5,5000,4,196.0,32,155.0,9,3,1,0,1,0,0,1,0,0,0,0,0,77
6.6,5000,8,195.0,64,191.988,12,3,1,0,1,0,0,0,1,0,0,0,0,13
6.67,4800,8,179.0,128,500.0,2,3,0,1,1,1,0,1,1,0,0,0,0,13
6.78,4800,8,192.0,256,390.0,2,3,1,1,1,1,0,1,1,0,0,0,0,28
6.5,5000,6,195.0,64,163.0,9,3,1,0,1,0,0,1,0,0,0,0,0,77
6.58,6000,8,199.0,128,190.0,11,3,1,0,1,0,0,1,0,0,0,0,0,15
7.1,4500,8,275.0,256,380.0,7,3,1,1,1,1,0,1,1,1,1,0,0,57
6.74,5000,8,198.0,128,150.0,2,3,1,0,1,0,0,1,0,0,0,0,0,77
6.81,4800,6,189.0,128,210.0,2,3,1,0,1,0,0,1,0,0,0,0,0,12
6.51,5000,8,182.0,64,330.0,11,3,1,0,1,0,0,1,0,0,0,0,0,77
6.67,4500,8,189.0,128,209.0,11,3,1,1,1,1,0,1,0,0,0,0,0,13
6.62,4500,8,196.0,128,350.0,11,3,1,1,1,1,0,1,0,0,0,0,0,13
6.44,4200,8,179.0,128,210.0,11,3,1,1,1,1,0,1,0,0,0,0,0,13
6.56,4300,8,171.0,128,140.0,11,3,1,1,1,1,0,1,0,0,0,0,0,13
6.49,5000,8,194.0,128,299.0,7,3,1,0,1,0,0,1,0,0,0,0,0,13
6.58,5000,8,185.0,128,300.0,11,4,1,0,1,0,0,1,0,0,0,0,0,15
6.5,5000,8,186.0,64,1070.0,7,1,1,0,1,0,0,1,0,0,0,0,0,77
6.73,4600,8,204.0,128,620.96,12,4,1,1,1,1,1,0,1,0,0,0,1,51
6.28,4500,8,179.0,128,399.99,12,4,1,1,1,1,1,0,1,0,0,0,1,13
6.28,4500,8,176.0,128,429.89,12,3,1,1,1,1,1,0,1,0,0,0,1,13
6.51,5000,6,182.0,128,380.0,11,3,1,0,1,0,0,1,0,0,0,0,0,77
6.58,5000,4,182.0,128,180.0,11,3,1,0,1,0,0,1,0,0,0,0,0,15
6.62,5000,8,194.0,128,699.0,8,4,1,1,1,1,0,1,0,0,0,0,0,13
6.4,4500,8,177.0,128,475.0,9,4,0,1,1,1,0,1,1,1,1,0,1,10
6.7,5000,8,189.0,128,480.0,8,4,1,1,1,1,1,1,1,1,1,0,0,52
6.56,4300,8,171.0,128,183.48,11,4,1,1,1,1,0,1,0,0,0,0,0,11
6.78,4700,8,204.0,256,260.0,11,4,1,1,1,1,1,1,1,0,0,0,0,51
6.44,4200,8,179.0,128,150.0,11,4,1,1,1,1,0,1,0,0,0,0,0,13
6.78,4700,8,206.0,128,230.0,11,4,1,1,1,1,0,1,0,0,0,0,0,13
6.67,4500,8,204.0,128,300.0,12,3,1,1,1,1,0,1,1,1,0,0,1,13
6.67,5160,8,207.0,128,262.788,12,3,1,1,1,1,0,1,1,1,0,0,1,13
6.6,5000,6,190.0,64,144.99,8,3,1,0,1,0,0,1,0,0,0,0,0,16
7.9,4750,12,288.0,256,1400.0,2,4,1,1,1,1,0,0,1,0,0,0,0,63
6.56,5000,8,185.0,128,190.0,7,3,1,0,1,0,0,1,0,0,0,0,0,78
6.58,5000,8,182.0,128,190.0,11,3,1,0,1,0,0,1,0,0,0,0,0,15
6.7,5000,8,201.0,128,439.94,6,4,1,1,1,1,1,1,1,1,1,0,0,52
6.43,4500,8,171.0,128,140.0,7,3,1,0,1,0,0,1,0,0,0,0,0,13
6.51,5000,3,182.0,64,390.0,11,3,1,0,1,0,0,1,0,0,0,0,0,77
6.43,5000,6,175.0,128,220.0,7,3,1,0,1,0,0,1,0,0,0,0,0,13
6.58,5000,6,187.0,128,424.15,11,3,1,0,1,0,0,1,0,0,0,0,0,15
6.51,5000,4,182.0,64,430.0,11,3,1,0,1,0,0,1,0,0,0,0,0,77
6.43,5000,6,179.0,64,146.99,12,3,1,0,1,0,0,1,0,0,0,0,0,13
6.43,5000,8,179.0,64,184.9,12,3,1,0,1,0,0,1,0,0,0,0,0,13
6.67,5000,8,202.0,64,222.64,12,3,1,0,1,0,0,1,0,0,0,0,0,13
6.67,5000,8,202.0,64,233.22,12,3,1,0,1,0,0,1,0,0,0,0,0,13
6.58,5000,8,187.0,128,393.42,11,3,1,0,1,0,0,1,0,0,0,0,0,15
6.43,4500,8,173.0,128,280.0,7,3,1,1,1,1,0,1,0,1,0,0,0,13
6.67,4300,8,175.0,128,300.0,2,3,0,0,1,0,0,1,0,0,0,0,0,13
6.8,5000,8,228.0,128,825.0,9,4,0,1,1,1,1,1,1,1,1,0,1,48
6.1,3700,8,167.0,128,564.98,9,4,0,1,1,1,1,1,1,1,1,0,1,10
6.58,5000,8,187.0,128,250.0,11,3,1,0,1,0,0,1,0,0,0,0,0,15
6.6,4500,8,195.0,128,749.9,9,4,0,1,1,1,1,1,1,1,1,0,1,10
6.6,5000,6,189.0,64,153.5,8,3,1,0,1,0,0,1,0,0,0,0,0,15
6.5,5000,4,198.0,64,200.0,5,3,1,0,1,0,0,1,0,0,0,0,0,77
6.5,5000,6,181.0,64,128.89,12,3,1,0,1,0,0,1,0,0,0,0,0,13
6.6,5000,8,195.0,128,237.28,8,4,1,0,1,0,0,1,0,0,0,0,0,16
6.4,4500,8,182.0,128,621.99,8,4,1,1,1,1,0,1,1,0,0,1,1,13
6.67,4700,8,210.0,128,460.0,12,4,1,1,1,1,0,0,1,1,0,0,1,13
6.56,5000,6,189.0,128,380.0,7,3,1,0,1,0,0,1,0,0,0,0,0,78
6.43,4500,8,173.0,128,319.0,6,3,1,1,1,1,0,1,0,1,0,0,0,13
6.62,4500,8,199.0,128,270.0,11,4,1,1,1,1,0,0,1,0,0,0,0,13
6.56,4350,8,200.0,128,180.0,11,4,1,1,1,1,0,0,1,0,0,0,0,11
6.55,4800,8,196.0,128,174.99,7,4,1,1,1,1,0,1,1,1,1,0,0,13
6.7,5000,8,218.0,256,299.0,7,4,1,1,1,1,0,1,1,1,1,0,0,52
6.6,5000,6,194.0,64,509.0,8,3,1,0,1,0,0,0,0,1,0,0,0,16
6.43,4500,8,173.0,256,335.988,7,3,1,1,1,1,0,1,0,1,0,0,0,13
6.81,4800,8,199.0,128,900.0,2,4,1,1,1,1,0,0,1,0,0,0,0,32
6.43,5000,8,179.0,64,267.15,12,3,1,0,1,0,0,1,0,0,0,0,0,13
6.67,5000,8,205.0,64,315.87,12,3,1,0,1,0,0,1,0,0,0,0,0,13
6.81,4600,8,209.0,256,955.0,2,4,1,1,1,1,0,0,1,0,0,0,0,41
6.92,5600,18,252.0,256,570.0,5,4,1,1,1,1,1,1,1,1,1,0,0,17
8.8,6550,8,375.0,128,360.0,5,4,1,0,1,0,0,1,0,0,0,0,0,54
6.51,5000,8,185.0,128,630.0,11,4,1,0,1,0,0,1,0,0,0,0,0,77
6.43,4500,8,173.0,128,464.78,7,4,1,0,1,0,0,1,0,0,0,0,0,13
6.58,5000,6,200.0,128,170.0,12,3,1,0,1,0,0,1,0,0,0,0,0,15
6.67,5000,8,202.0,128,240.0,12,3,1,0,1,0,0,1,0,0,0,0,0,13
6.6,5000,12,195.0,256,290.0,8,4,1,0,1,0,0,1,0,0,0,0,0,16
6.6,5000,6,198.0,64,219.0,9,4,1,1,1,1,0,1,0,0,0,1,0,15
6.6,6000,8,198.0,128,223.08,9,4,0,1,1,1,0,1,0,0,0,0,0,15
6.6,5000,8,195.0,64,210.0,9,4,1,0,1,0,0,1,0,0,0,0,0,15
6.6,5000,6,195.0,32,160.81,9,4,1,0,1,0,0,1,0,0,0,0,0,15
4.7,2018,4,144.0,64,498.0,0,32,0,1,1,1,0,1,1,1,1,0,0,82
6.6,5000,6,198.0,128,227.88,9,4,1,1,1,1,0,1,0,0,0,1,0,15
6.78,4000,8,191.0,128,222.61,3,3,1,0,1,0,0,1,0,0,0,0,0,12
6.67,5000,8,202.0,64,250.0,12,3,1,0,1,0,0,1,0,0,0,0,0,13
6.51,5000,3,178.0,32,400.0,11,3,1,0,1,0,0,1,0,0,0,0,0,77
6.6,5000,8,199.0,128,240.0,8,3,1,1,1,1,0,1,0,1,0,0,0,16
6.5,5000,6,188.0,64,180.0,8,3,1,0,1,0,0,1,0,0,0,0,0,13
6.7,4000,6,177.0,128,162.12,2,3,1,0,1,0,0,1,0,0,0,0,0,12
6.59,5000,8,191.0,128,350.0,7,3,1,0,1,0,0,1,0,0,0,0,0,16
6.58,5000,8,185.0,128,510.0,11,4,1,0,1,0,0,1,0,0,0,0,0,15
6.4,5000,8,186.0,128,243.71,9,4,1,1,1,1,0,1,1,0,0,0,0,13
6.7,5000,8,181.0,128,399.5,9,4,1,1,1,1,0,1,1,0,0,0,0,13
6.5,5000,8,189.0,128,309.4,9,4,1,1,1,1,0,1,1,0,0,0,0,13
6.67,5000,8,201.0,128,410.0,12,4,1,1,1,1,0,1,1,1,0,0,1,51
6.81,4600,12,242.0,512,1150.0,2,4,1,1,1,1,0,0,1,0,0,0,0,41
6.67,5500,8,201.0,128,475.0,12,4,1,1,1,1,0,1,1,1,0,0,1,51
6.67,4500,6,195.0,128,260.0,12,4,1,1,1,1,0,1,1,1,0,0,1,13
6.7,6000,6,203.0,64,116.64,12,3,1,0,1,0,0,1,0,0,0,0,0,80
6.71,5000,4,190.0,64,108.0,12,3,1,0,1,0,0,1,0,0,0,0,0,80
6.52,4230,4,175.0,32,699.99,7,3,1,0,1,0,0,1,0,0,0,0,0,77
6.7,5000,6,188.0,128,839.95,8,4,1,1,1,1,0,0,1,0,0,0,0,16
6.6,5000,4,189.0,64,119.95,8,3,1,0,1,0,0,1,0,0,0,0,0,15
6.7,4500,8,188.0,256,519.95,8,4,1,1,1,1,0,0,1,0,0,0,0,16
6.59,5000,8,189.0,128,120.0,7,3,1,0,1,0,0,1,0,0,0,0,0,16
6.81,4800,8,189.0,128,375.0,2,3,1,0,1,0,0,1,0,0,0,0,0,12
6.5,5000,4,197.0,32,109.99,8,3,1,0,1,0,0,1,0,0,0,0,0,77
6.51,5000,8,179.0,128,180.0,11,3,1,0,1,0,0,1,0,0,0,0,0,77
6.53,5000,6,194.0,32,85.58,12,3,0,0,1,0,0,1,0,0,0,0,0,77
6.6,5000,8,195.0,64,194.99,12,3,1,0,1,0,0,0,1,0,0,0,0,13
6.58,5000,6,200.0,64,159.06,12,4,1,0,1,0,0,1,0,0,0,0,0,15
6.43,4500,8,175.0,128,234.08,7,4,1,0,1,0,0,1,0,0,0,0,0,13
6.81,4800,8,189.0,128,240.0,2,3,1,0,1,0,0,1,0,0,0,0,0,12
6.67,4650,8,218.0,128,600.0,12,4,1,1,1,1,0,1,1,1,1,0,1,13
6.67,4500,8,220.0,256,470.0,12,4,1,1,1,1,0,1,1,1,1,0,1,13
6.74,5000,6,198.0,128,190.0,2,3,1,0,1,0,0,1,0,0,0,0,0,77
6.67,4650,8,220.0,128,720.0,12,4,1,1,1,1,0,1,1,1,1,0,1,13
6.81,4800,8,189.0,128,230.0,2,3,1,0,1,0,0,1,0,0,0,0,0,12
6.5,4500,6,190.0,128,520.0,9,4,0,1,1,1,0,0,1,0,0,0,0,13
6.74,5000,8,198.0,128,180.0,2,3,1,0,1,0,0,1,0,0,0,0,0,77
6.51,5000,4,182.0,64,150.0,11,3,1,0,1,0,0,1,0,0,0,0,0,77
6.7,4000,8,175.0,128,200.0,2,3,1,0,1,0,0,1,0,0,0,0,0,12
6.4,5000,8,178.0,128,249.96,8,4,1,0,1,0,0,1,0,0,0,0,0,13
6.7,5000,8,176.0,128,350.0,9,4,0,1,1,1,0,1,1,0,0,0,0,15
8.03,4600,12,311.0,256,190.0,11,4,1,1,1,1,1,1,1,0,0,0,0,62
7.0,5000,8,216.0,256,140.0,11,4,1,1,1,1,1,1,1,0,0,0,0,47
6.43,4500,8,175.0,128,180.0,7,4,1,0,1,0,0,1,0,0,0,0,0,13
6.43,4500,8,173.0,128,339.0,7,4,1,0,1,0,0,1,0,0,0,0,0,13
6.62,4700,8,194.0,128,170.0,11,4,1,1,1,1,0,1,0,0,0,0,0,13
6.58,5000,8,190.0,256,240.0,8,4,1,0,1,0,0,1,0,0,0,0,0,15
6.43,4500,8,173.0,128,280.0,7,3,1,0,1,0,0,1,0,0,0,0,0,13
6.56,5000,8,186.0,128,330.0,7,4,1,0,1,0,0,1,0,0,0,0,0,78
6.5,5000,8,186.0,128,350.0,7,3,1,0,1,0,0,1,0,0,0,0,0,77
6.58,5000,6,187.0,128,180.0,8,4,1,0,1,0,0,1,0,0,0,0,0,13
6.7,6000,8,203.0,128,149.988,12,3,1,0,1,0,0,1,0,0,0,0,0,80
6.75,6000,4,199.0,64,235.0,3,23,1,0,1,0,0,1,0,0,0,0,0,77
6.78,4000,8,191.0,128,370.0,3,3,1,0,1,0,0,1,0,0,0,0,0,12
6.62,5000,8,194.0,128,330.0,8,4,1,1,1,1,0,1,1,0,0,0,0,13
6.6,5000,8,195.0,128,200.0,8,4,1,0,1,0,0,1,0,0,0,0,0,16
6.55,4500,8,166.0,128,330.0,12,4,1,1,1,1,0,1,1,1,0,0,1,13
6.7,4500,8,186.0,128,360.0,6,4,1,1,1,1,0,1,1,1,1,0,0,16
6.59,5000,8,205.0,128,200.0,7,4,1,1,1,1,0,1,0,1,0,0,0,16
6.62,5000,8,199.0,128,160.0,7,4,1,1,1,1,0,1,1,1,1,0,0,13
6.44,4700,8,190.0,128,1300.0,11,3,1,1,1,1,0,1,0,0,0,0,0,14
6.78,4500,8,203.0,128,300.0,11,4,1,1,1,1,0,0,1,0,0,0,0,13
6.78,4700,8,215.0,256,150.0,11,4,1,1,1,1,1,1,1,0,0,0,0,51
6.44,4700,8,180.0,128,400.0,11,4,1,0,1,0,0,1,0,0,0,0,0,14
6.67,4700,8,210.0,128,399.9,12,4,1,1,1,1,0,0,1,1,0,0,1,13
6.58,5000,8,182.0,64,870.0,11,0,1,0,1,0,0,1,0,0,0,0,0,15
6.44,5000,8,182.0,128,300.0,11,4,1,0,1,0,0,1,0,0,0,0,0,13
6.44,4700,6,180.0,128,850.0,11,4,1,1,1,1,0,1,1,0,0,0,0,14
6.43,4500,6,173.0,128,164.99,6,3,1,0,1,0,0,1,0,0,0,0,0,13
7.8,4880,8,255.0,256,1995.99,3,23,1,1,1,1,0,1,1,1,1,0,0,65
6.7,4500,12,186.0,256,340.0,6,4,1,1,1,1,0,1,0,1,0,0,0,16
6.7,5000,8,186.0,128,395.988,6,4,1,1,1,1,0,1,0,1,0,0,0,16
6.59,5000,8,195.0,128,229.0,6,4,1,0,1,0,0,1,0,0,0,0,0,16
6.58,5000,6,200.0,64,140.16,12,4,1,0,1,0,0,1,0,0,0,0,0,13
6.44,5000,8,182.0,128,180.0,11,4,1,0,1,0,0,1,0,0,0,0,0,13
6.44,4700,8,180.0,128,250.0,11,4,1,0,1,0,0,1,0,0,0,0,0,14
6.62,4700,8,190.0,128,300.0,11,4,1,1,1,1,0,1,0,0,0,0,0,13
6.5,6000,6,192.0,64,160.0,12,3,1,0,1,0,0,1,0,0,0,0,0,13
6.5,5000,8,194.0,128,150.0,2,3,1,0,1,0,0,1,0,0,0,0,0,77
6.5,5000,12,185.0,256,889.99,10,4,1,1,1,1,0,0,0,1,0,0,0,55
6.1,4410,6,178.0,128,285.0,1,4,1,1,1,1,0,1,1,1,1,0,0,13
6.0,5000,6,161.0,128,329.99,10,4,1,0,1,0,0,1,0,0,0,0,0,18
6.6,5000,4,191.0,64,199.99,8,4,1,0,1,0,0,1,0,0,0,0,0,16
6.59,5000,8,205.0,128,280.0,6,4,1,1,1,1,0,1,0,1,0,0,0,16
6.6,5000,6,190.0,64,299.0,8,4,1,0,1,0,0,1,0,0,0,0,0,15
6.4,5000,8,181.0,128,233.988,8,4,1,0,1,0,0,1,0,0,0,0,0,13
6.56,4500,8,188.0,256,300.0,11,4,1,1,1,1,0,1,0,0,0,0,0,11
6.62,4500,8,197.0,128,190.0,11,4,1,1,1,1,0,1,0,0,0,0,0,13
6.43,4500,8,190.0,128,309.0,6,4,1,1,1,1,0,1,0,0,0,1,0,13
6.44,4050,8,172.0,128,290.0,11,4,1,0,1,0,0,1,0,0,0,0,0,13
6.7,4500,8,183.0,256,350.0,7,4,1,1,1,1,0,1,0,1,0,0,0,16
6.62,4500,8,188.0,128,360.0,7,4,1,1,1,1,0,1,0,1,0,0,0,13
6.43,4500,8,179.0,128,290.0,7,4,1,1,1,1,0,1,0,1,0,0,0,13
6.58,6000,8,199.0,128,380.0,11,3,1,0,1,0,0,1,0,0,0,0,0,15
6.5,5000,8,190.0,128,150.0,12,3,1,0,1,0,0,1,0,0,0,0,0,13
6.6,5080,6,200.0,128,250.0,12,4,1,1,1,1,0,1,1,1,0,0,1,17
6.6,4400,8,198.0,128,300.0,12,4,1,1,1,1,0,1,1,1,0,0,1,17
6.56,5000,4,187.0,64,420.0,7,4,1,0,1,0,0,1,0,0,0,0,0,78
6.6,5000,4,192.0,64,144.8,9,4,1,0,1,0,0,1,0,0,0,0,0,15
6.78,4500,8,192.0,256,520.0,2,4,1,1,1,1,0,1,1,0,0,0,0,28
6.58,6000,8,202.0,128,480.0,11,4,1,1,1,1,0,1,1,0,0,0,0,15
6.78,4500,8,192.0,256,600.0,2,4,1,1,1,1,0,1,1,0,0,0,0,28
6.67,4800,8,178.0,128,529.0,2,4,1,1,1,1,0,1,1,0,0,0,0,13
6.62,4700,8,190.0,128,231.6,11,4,1,1,1,1,0,0,1,0,0,0,0,13
6.56,5000,8,190.0,128,209.99,7,4,1,0,1,0,0,1,0,0,0,0,0,78
6.56,5000,6,190.0,64,520.0,7,4,1,0,1,0,0,1,0,0,0,0,0,78
6.6,5000,4,195.0,32,188.0,9,4,1,0,1,0,0,1,0,0,0,0,0,15
6.43,4500,8,173.0,128,169.99,7,3,1,0,1,0,0,1,0,0,0,0,0,13
6.71,6000,4,204.0,32,89.99,12,3,1,0,1,0,0,1,0,0,0,0,0,80
6.62,5000,8,194.0,128,514.5,8,4,1,1,1,1,0,1,1,0,0,0,0,13
6.5,5000,8,184.0,64,160.0,8,4,1,0,1,0,0,1,0,0,0,0,0,77
6.5,5000,4,182.0,32,87.48,8,3,1,0,1,0,0,1,0,0,0,0,0,77
6.5,5000,4,182.0,32,120.0,8,3,1,0,1,0,0,1,0,0,0,0,0,77
6.6,6000,4,207.0,64,119.988,9,4,1,0,1,0,0,1,0,0,0,0,0,15
6.67,4500,8,195.0,128,398.99,12,4,1,1,1,1,0,0,1,0,0,0,0,13
6.6,5080,8,200.0,128,380.42,12,4,1,1,1,1,0,1,1,0,0,0,0,17
6.7,5000,8,195.0,128,219.0,3,23,1,0,1,0,0,1,0,0,0,0,0,12
6.6,4050,6,235.0,128,425.5,9,4,1,1,1,1,0,1,0,0,0,0,0,15
6.44,5000,8,182.0,128,559.99,11,4,1,0,1,0,0,1,0,0,0,0,0,13
6.58,5000,8,194.0,128,200.0,11,4,1,0,1,0,0,1,0,0,0,0,0,15
6.73,4860,8,225.0,256,749.0,12,4,1,1,1,1,1,1,1,1,1,0,0,51
6.73,5160,8,201.0,128,570.0,12,4,1,1,1,1,0,0,1,1,0,0,0,51
6.73,4600,8,203.0,128,670.0,12,4,1,1,1,1,1,0,1,0,0,0,1,51
6.28,4500,8,179.0,128,570.0,12,4,1,1,1,1,1,0,1,0,0,0,0,13
6.64,4500,6,194.0,128,220.0,11,4,1,0,1,0,0,1,0,0,0,0,0,12
6.55,4300,8,173.0,128,307.72,12,4,1,1,1,1,0,1,0,1,0,0,0,13
6.6,5000,12,188.0,256,270.0,7,4,1,0,1,0,0,1,0,0,0,0,0,15
6.7,5000,8,195.0,256,500.0,8,4,1,1,1,1,0,0,1,0,0,0,0,13
6.7,4000,8,175.0,128,240.0,2,4,1,0,1,0,0,1,0,0,0,0,0,12
6.6,6000,6,207.0,64,131.988,9,4,1,0,1,0,0,1,0,0,0,0,0,15
6.5,5000,6,195.0,64,207.05,9,4,1,0,1,0,0,1,0,0,0,0,0,77
6.7,4500,8,183.0,256,310.0,7,4,1,1,1,1,0,1,1,1,1,0,1,16
6.4,4500,8,179.0,128,339.0,7,4,1,1,1,1,0,1,0,1,0,0,0,13
6.78,4700,8,215.0,256,190.0,11,4,1,1,1,1,1,1,1,0,0,0,0,51
6.78,4700,8,206.0,128,360.0,11,4,1,1,1,1,0,1,0,0,0,0,0,13
6.58,5000,6,182.0,64,300.0,11,0,1,0,1,0,0,1,0,0,0,0,0,15
6.6,5080,8,200.0,128,320.0,12,4,1,1,1,1,0,1,1,0,0,0,0,17
6.51,5000,6,193.0,128,580.0,11,4,1,0,1,0,0,1,0,0,0,0,0,77
6.5,5000,6,194.0,128,445.0,2,3,1,0,1,0,0,1,0,0,0,0,0,77
6.51,5000,3,182.0,32,150.0,11,4,1,0,1,0,0,1,0,0,0,0,0,77
6.78,4700,8,206.0,128,870.0,11,4,1,1,1,1,0,0,1,0,0,0,0,13
6.56,5000,4,187.0,64,395.0,7,4,1,0,1,0,0,1,0,0,0,0,0,78
6.7,4800,8,204.0,128,329.99,6,4,1,1,1,1,0,1,1,1,1,0,0,16
6.43,4500,8,181.0,128,999.0,7,4,1,1,1,0,0,1,0,1,0,0,0,13
6.56,5000,4,187.0,64,119.0,6,4,1,0,1,0,0,1,0,0,0,0,0,78
6.6,5000,8,197.0,64,210.0,9,4,1,0,1,0,0,1,0,0,0,0,0,15
6.7,4800,16,203.0,256,500.0,6,4,1,1,1,1,0,1,1,1,1,0,0,16
7.6,4400,12,263.0,256,1179.0,9,6,1,1,1,1,1,1,1,1,1,0,1,58
6.7,3700,8,187.0,128,691.27,9,4,1,1,1,1,0,1,1,1,1,0,1,20
8.02,4500,12,262.0,256,1300.0,12,4,1,1,1,1,1,0,1,0,0,0,1,61
6.67,5000,8,202.0,128,430.0,12,4,1,1,1,1,0,0,1,0,0,0,1,31
6.58,5000,8,194.0,128,230.0,11,4,1,0,1,0,0,1,0,0,0,0,0,15
6.58,5000,8,188.0,64,600.0,11,3,1,0,1,0,0,1,0,0,0,0,0,15
6.58,5000,6,200.0,64,179.0,12,4,1,0,1,0,0,1,0,0,0,0,0,15
6.56,4830,8,190.0,128,250.0,11,4,1,1,1,1,0,1,0,0,0,0,0,11
6.43,4500,8,182.0,256,200.0,7,4,1,0,1,0,0,1,0,0,0,0,0,13
6.44,4500,8,186.0,128,100.0,11,4,1,1,1,1,0,1,0,0,0,0,0,14
6.6,5000,6,187.0,64,179.88,8,4,1,0,1,0,0,1,0,0,0,0,0,15
6.67,5100,8,209.0,128,440.0,5,4,1,1,1,1,1,1,1,1,1,0,0,13
6.55,5000,8,192.0,128,279.0,11,4,1,0,1,0,0,1,0,0,0,0,0,78
6.43,5000,8,178.0,64,155.88,12,3,1,1,1,1,0,1,1,0,0,0,0,13
6.5,5000,4,192.0,32,102.0,9,4,1,0,1,0,0,1,0,0,0,0,0,77
6.58,6000,8,204.0,128,251.28,11,3,1,0,1,0,0,1,0,0,0,0,0,15
6.64,4500,8,194.0,128,261.0,11,4,1,1,1,1,0,1,1,0,0,0,0,12
6.56,5000,4,185.0,128,270.0,8,4,1,0,1,0,0,1,0,0,0,0,0,78
6.44,4500,8,183.0,128,250.0,11,4,1,0,1,0,0,1,0,0,0,0,0,14
6.56,5000,4,187.0,64,330.0,7,4,1,0,1,0,0,1,0,0,0,0,0,78
6.5,5000,4,195.0,32,118.16,9,4,1,0,1,0,0,1,0,0,0,0,0,77
6.56,5000,4,187.0,64,350.0,7,4,1,0,1,0,0,1,0,0,0,0,0,78
6.51,5000,4,184.0,32,300.0,11,4,1,0,1,0,0,1,0,0,0,0,0,77
6.1,5000,8,172.0,128,704.99,10,4,1,1,1,1,0,0,0,1,0,0,0,18
6.58,5000,6,201.0,64,144.0,12,4,1,0,1,0,0,1,0,0,0,0,0,15
6.58,5000,6,201.0,64,103.8,12,4,1,0,1,0,0,1,0,0,0,0,0,13
6.43,5000,8,178.0,64,159.9,12,4,1,1,1,1,0,1,1,1,0,0,1,13
6.55,5000,6,190.0,64,180.0,11,4,1,0,1,0,0,1,0,0,0,0,0,78
6.5,5000,4,187.0,32,108.072,8,4,1,0,1,0,0,1,0,0,0,0,0,77
6.58,5000,6,201.0,64,160.0,12,4,1,0,1,0,0,1,0,0,0,0,0,15
6.58,5000,6,200.0,64,167.988,12,4,1,0,1,0,0,1,0,0,0,0,0,15
6.52,5000,3,192.0,32,78.89,12,4,1,0,1,0,0,1,0,0,0,0,0,77
6.7,4323,6,240.0,128,1213.33,0,33,0,1,1,1,0,1,1,1,1,0,0,40
6.58,5000,8,193.0,256,250.0,11,3,1,1,1,1,0,1,0,0,0,0,0,15
6.1,3200,6,206.0,128,1087.84,0,33,0,1,1,1,0,1,1,1,1,0,0,24
6.7,4323,6,203.0,128,933.0,0,33,0,1,1,1,0,1,1,1,1,0,0,39
6.1,3279,6,172.0,128,816.0,0,33,0,1,1,1,0,1,1,1,1,0,0,22
6.5,5000,4,186.0,32,100.0,8,4,1,0,1,0,0,1,0,0,0,0,0,77
6.58,5000,6,194.0,64,160.0,11,4,1,0,1,0,0,1,0,0,0,0,0,15
6.67,5100,6,172.0,128,210.0,2,4,1,0,1,0,0,1,0,0,0,0,0,13
6.59,5000,6,195.0,128,180.0,7,4,1,0,1,0,0,1,0,0,0,0,0,16
6.51,5000,8,198.0,128,270.0,11,4,1,0,1,0,0,1,0,0,0,0,0,77
6.5,5000,4,194.0,64,128.75,2,4,1,0,1,0,0,1,0,0,0,0,0,77
6.44,4500,8,186.0,256,131.988,11,4,1,1,1,1,0,1,0,0,0,0,0,14
6.52,5000,3,192.0,32,90.85,12,4,1,0,1,0,0,1,0,0,0,0,0,77
8.03,4730,12,311.0,256,180.0,11,4,1,1,1,1,1,1,1,0,0,0,0,62
6.56,5000,4,189.0,64,210.0,7,4,1,0,1,0,0,1,0,0,0,0,0,78
6.55,4500,8,171.0,128,350.0,12,4,1,1,1,1,0,1,1,1,0,0,1,13
6.58,6000,8,201.0,128,200.0,11,3,1,0,1,0,0,1,0,0,0,0,0,15
6.58,5000,8,201.0,128,160.0,12,4,1,0,1,0,0,1,0,0,0,0,0,15
6.67,5000,8,202.0,128,439.99,12,4,1,1,1,1,0,1,1,1,1,0,0,31
6.67,5000,8,205.0,128,648.0,12,4,1,1,1,1,1,1,1,1,1,0,0,31
6.67,4500,8,184.0,128,311.87,3,23,1,0,1,0,0,1,0,0,0,0,0,13
6.56,5000,8,187.0,128,149.76,7,4,1,0,1,0,0,1,0,0,0,0,0,78
6.3,4355,8,197.0,128,463.0,1,7,0,1,1,1,0,1,1,1,1,0,0,13
6.7,5000,8,212.0,128,670.0,1,7,0,1,1,1,0,1,1,1,1,0,0,49
6.5,5000,8,194.0,128,150.0,2,3,1,0,1,0,0,1,0,0,0,0,0,77
6.81,4800,8,199.0,256,300.0,2,4,1,1,1,1,0,1,0,0,0,0,0,12
6.56,5000,3,189.0,64,220.0,7,4,1,0,1,0,0,1,0,0,0,0,0,78
6.78,5000,8,197.0,128,1450.0,11,7,1,1,1,1,0,1,0,0,0,0,0,13
6.74,6000,8,196.0,128,170.0,2,4,1,0,1,0,0,1,0,0,0,0,0,77
6.5,5000,4,188.0,32,94.0,9,4,1,0,1,0,0,1,0,0,0,0,0,77
6.56,5000,4,190.0,64,230.0,6,4,1,0,1,0,0,1,0,0,0,0,0,78
6.67,4300,8,207.0,256,380.0,12,4,1,1,1,1,0,1,1,1,0,0,1,13
6.67,5000,6,187.0,128,204.24,12,4,1,1,1,1,0,1,1,1,0,0,1,13
6.67,5000,8,208.0,256,343.62,12,4,1,1,1,1,0,1,1,1,0,0,1,13
6.67,5000,8,188.0,128,190.0,12,4,1,0,1,0,0,0,1,0,0,0,0,13
6.67,5000,8,188.0,128,199.0,12,4,1,0,1,0,0,1,0,0,0,0,0,13
6.52,5000,6,188.0,64,189.3,3,23,1,0,1,0,0,1,0,0,0,0,0,77
6.56,5000,8,188.0,128,130.0,7,4,1,0,1,0,0,1,0,0,0,0,0,78
6.4,5000,8,178.0,64,139.8,8,4,1,0,1,0,0,1,0,0,0,0,0,13
6.6,5000,8,191.0,128,180.0,8,4,1,0,1,0,0,1,0,0,0,0,0,15
6.7,4800,8,171.0,128,230.0,7,7,1,0,1,0,0,1,0,0,0,0,0,16
6.7,5000,6,173.0,128,205.5,8,7,1,1,1,1,0,1,1,0,0,1,1,16
6.44,4000,8,176.0,128,200.0,11,4,1,1,1,1,0,1,1,0,0,0,0,14
6.72,5000,8,190.0,128,187.0,8,7,1,0,1,0,0,1,0,0,0,0,0,13
6.78,4810,8,196.0,128,380.0,11,7,1,1,1,1,0,0,1,0,0,0,0,38
6.78,4700,12,221.0,256,630.0,11,7,1,1,1,1,1,1,1,0,0,0,0,51
6.78,4870,8,214.0,256,360.0,11,7,1,1,1,1,1,0,1,0,0,0,0,38
7.9,5000,8,261.0,256,1379.99,2,7,1,1,1,1,0,0,1,0,0,0,0,63
7.9,5000,16,265.0,512,1500.0,2,4,1,1,1,1,0,0,1,0,0,0,0,63
6.67,4600,8,175.0,256,370.0,2,4,1,1,1,1,0,1,1,0,0,0,0,13
6.78,4800,8,188.0,256,419.99,2,4,1,1,1,1,0,1,1,0,0,0,0,34
6.67,4800,8,180.0,256,370.0,2,4,1,1,1,1,0,1,1,0,0,0,0,13
6.7,4500,8,174.0,256,260.0,7,7,1,1,1,1,0,1,0,1,0,0,0,16
6.7,4500,16,174.0,256,600.0,7,7,1,1,1,1,0,1,0,1,0,0,0,16
6.7,4700,16,192.0,256,470.0,7,7,1,1,1,1,0,1,1,1,1,0,0,16
6.51,5000,3,186.0,32,1019.0,11,4,1,0,1,0,0,1,0,0,0,0,0,77
6.78,5000,8,205.0,128,90.0,11,7,1,1,1,1,1,1,1,1,1,0,0,51
6.78,5000,8,193.0,128,1030.0,11,7,1,1,1,1,0,1,0,0,0,0,0,13
6.78,4700,8,210.0,256,300.0,11,7,1,1,1,1,1,1,1,1,1,0,0,51
6.51,5000,8,186.0,128,659.988,11,7,1,0,1,0,0,1,0,0,0,0,0,77
6.5,5000,4,188.0,64,101.988,9,4,1,0,1,0,0,1,0,0,0,0,0,77
6.36,4500,8,185.0,128,929.0,12,7,1,1,1,1,1,0,1,0,0,0,1,13
6.73,4820,8,210.0,128,1191.87,12,7,1,1,1,1,1,0,1,0,0,0,1,51
6.56,5000,8,186.0,128,740.0,7,4,1,0,1,0,0,1,0,0,0,0,0,78
6.8,4300,8,191.0,256,1100.0,7,7,1,1,1,1,0,1,1,1,1,0,0,18
7.1,4520,16,233.0,256,180.0,7,7,1,1,1,1,0,1,1,1,1,0,0,57
6.6,5000,8,191.0,128,150.0,8,4,1,0,1,0,0,1,0,0,0,0,0,15
6.78,4600,8,182.0,128,160.0,11,7,1,1,1,1,0,1,0,0,0,0,0,13
6.78,4600,8,182.0,256,280.0,11,7,1,1,1,1,0,1,0,0,0,0,0,13
6.62,4600,8,187.0,128,800.0,11,3,1,1,1,1,0,1,0,0,0,0,0,13
6.67,4800,16,187.0,256,450.0,2,4,1,1,1,1,0,1,1,0,0,0,0,13
6.67,5000,6,181.0,128,230.0,12,7,1,1,1,1,0,1,1,1,0,0,1,13
6.67,5000,8,201.0,128,460.0,12,7,1,1,1,1,1,0,1,0,0,0,1,51
6.67,5500,8,202.0,128,300.0,12,4,1,1,1,1,0,1,1,1,0,0,1,51
6.67,5500,8,199.0,128,350.0,12,7,1,1,1,1,1,0,1,0,0,0,1,51
6.78,5000,8,197.0,256,340.0,11,7,1,1,1,1,0,1,0,0,0,0,0,13
6.71,5000,6,192.0,32,94.75,12,4,1,0,1,0,0,1,0,0,0,0,0,80
6.52,5000,3,192.0,32,80.0,12,4,1,0,1,0,0,1,0,0,0,0,0,77
6.7,5000,8,205.0,128,619.0,6,7,1,1,1,1,1,1,1,1,1,0,0,52
6.6,5000,8,202.0,64,179.0,9,7,1,0,1,0,0,1,0,0,0,0,0,15
6.5,5000,4,188.0,64,97.08,9,4,1,0,1,0,0,1,0,0,0,0,0,77
6.67,5100,8,175.0,128,260.0,2,4,1,0,1,0,0,1,0,0,0,0,0,13
6.75,6000,6,196.0,128,309.0,2,4,1,0,1,0,0,1,0,0,0,0,0,77
6.56,5000,8,186.0,128,1079.99,7,4,1,0,1,0,0,1,0,0,0,0,0,78
6.67,4800,12,186.0,256,450.0,2,4,1,1,1,1,0,1,1,0,0,0,0,13
6.56,5000,8,188.0,128,150.0,7,4,1,0,1,0,0,1,0,0,0,0,0,78
6.58,5000,6,187.0,128,400.0,11,4,1,0,1,0,0,1,0,0,0,0,0,15
6.5,5000,2,193.0,32,90.0,2,4,1,0,1,0,0,1,0,0,0,0,0,77
6.8,5000,8,234.0,256,1126.73,9,7,0,1,1,1,1,1,1,1,1,0,1,48
6.6,4700,8,196.0,256,1039.0,9,7,0,1,1,1,1,1,1,1,1,0,1,10
6.1,3900,8,168.0,128,706.5,9,7,0,1,1,1,1,1,1,1,1,0,1,10
6.7,4800,8,171.0,128,230.0,7,7,1,0,1,0,0,1,0,0,0,0,0,16
6.43,5000,8,180.0,128,340.0,7,7,1,0,1,0,0,1,0,0,0,0,0,13
6.67,5000,8,189.0,128,206.0,12,4,1,0,1,0,0,1,0,0,0,0,0,13
6.67,5000,8,181.0,128,259.0,12,4,1,1,1,1,0,1,0,1,0,0,0,13
6.74,5000,16,204.0,256,390.0,6,7,1,1,1,1,0,1,1,1,1,0,0,36
6.74,5000,8,204.0,128,479.988,6,7,1,1,1,1,0,1,1,1,1,0,0,36
6.7,4500,8,179.0,128,189.0,2,4,1,0,1,0,0,1,0,0,0,0,0,12
6.74,4600,16,199.0,256,440.0,8,7,1,1,1,1,0,0,1,0,0,0,0,36
6.74,5000,8,199.0,256,340.0,8,7,1,1,1,1,0,0,1,0,0,0,0,36
6.5,5000,8,186.0,128,150.0,8,4,1,0,1,0,0,1,0,0,0,0,0,77
6.67,5100,8,175.0,128,309.0,2,4,1,0,1,0,0,1,0,0,0,0,0,13
6.38,4500,8,181.0,128,250.0,11,7,1,1,1,1,0,1,0,0,0,0,0,13
6.78,5000,8,193.0,128,380.0,11,7,1,1,1,1,0,1,0,0,0,0,0,13
6.58,5000,8,184.0,128,335.988,11,7,1,0,1,0,0,1,0,0,0,0,0,15
6.71,5000,6,192.0,64,94.2,12,4,1,0,1,0,0,1,0,0,0,0,0,80
6.55,4500,8,171.0,128,394.49,12,4,1,1,1,1,0,1,1,1,0,0,1,13
6.73,5100,12,191.0,256,900.0,2,7,1,1,1,1,0,0,1,0,0,0,0,33
6.81,5100,8,219.0,256,1027.0,2,7,1,1,1,1,0,0,1,0,0,0,0,41
6.74,4600,8,199.0,128,630.0,8,7,1,1,1,1,0,0,1,0,0,0,0,36
6.6,5000,6,201.0,64,130.27,9,7,1,0,1,0,0,1,0,0,0,0,0,15
6.62,4600,8,185.0,128,287.988,11,7,1,1,1,1,0,1,1,0,0,0,0,13
6.78,4600,8,180.0,128,219.852,11,7,1,1,1,1,0,1,1,0,0,0,0,13
6.78,4600,8,182.0,128,270.0,11,7,1,1,1,1,0,1,1,0,0,0,0,13
6.67,5000,8,201.0,128,207.6,12,3,1,1,1,1,0,1,1,0,0,0,0,13
6.43,5000,8,176.0,64,186.54,12,7,1,0,1,0,0,1,0,0,0,0,0,13
6.81,5450,16,217.0,512,900.0,2,7,1,1,1,1,0,0,1,0,0,0,0,41
6.74,5000,16,191.0,256,310.0,6,7,1,1,1,1,0,0,1,1,0,0,0,36
6.72,5000,8,189.0,64,207.99,8,7,1,0,1,0,0,0,1,0,0,0,0,13
6.6,6000,6,206.0,64,179.88,9,7,1,0,1,0,0,1,0,0,0,0,0,15
6.51,5000,8,186.0,128,380.0,11,7,1,0,1,0,0,1,0,0,0,0,0,77
6.5,5000,4,187.0,64,131.988,8,4,1,0,1,0,0,1,0,0,0,0,0,77
6.6,5000,8,199.0,128,280.99,9,7,1,1,1,1,0,1,1,0,0,1,0,10
6.4,5000,8,202.0,128,359.0,9,7,1,1,1,1,0,1,1,0,0,1,0,10
6.38,4500,8,173.0,128,180.0,11,7,1,1,1,1,0,1,0,0,0,0,0,13
6.64,6000,8,205.0,128,440.0,11,7,1,0,1,0,0,1,0,0,0,0,0,12
6.5,5000,4,194.0,128,210.79,2,4,1,0,1,0,0,1,0,0,0,0,0,77
6.64,5000,8,201.0,128,130.0,11,7,1,1,1,1,0,1,0,0,0,0,0,12
6.6,5000,8,187.0,128,200.0,8,4,1,0,1,0,0,1,0,0,0,0,0,15
6.74,4800,16,207.0,256,299.99,7,7,1,1,1,1,0,1,1,1,1,0,0,36
6.82,5000,16,216.0,256,759.0,7,7,1,1,1,1,0,1,1,1,1,0,0,50
6.7,6000,8,199.0,128,190.0,9,7,1,1,1,1,0,1,1,0,0,0,0,13
6.67,5000,8,183.0,64,160.0,12,7,1,0,1,0,0,1,0,0,0,0,0,13
6.52,5000,4,192.0,32,71.37,12,5,1,0,1,0,0,1,0,0,0,0,0,77
6.6,6000,6,206.0,128,150.0,9,7,1,0,1,0,0,1,0,0,0,0,0,15
6.52,5000,4,192.0,32,95.99,12,5,1,0,1,0,0,1,0,0,0,0,0,77
6.67,5000,8,181.0,256,270.0,12,7,1,1,1,1,0,1,1,1,1,0,0,13
6.74,6000,8,196.0,128,150.0,2,4,1,0,1,0,0,1,0,0,0,0,0,77
6.7,4000,8,175.0,128,200.0,2,4,1,0,1,0,0,1,0,0,0,0,0,12
6.56,5000,8,186.0,128,820.0,7,4,1,0,1,0,0,1,0,0,0,0,0,78
6.51,5000,6,186.0,128,200.0,11,4,1,0,1,0,0,1,0,0,0,0,0,77
6.51,5000,3,186.0,32,220.0,11,4,1,0,1,0,0,1,0,0,0,0,0,77
6.74,5500,8,193.0,256,270.0,8,7,1,1,1,1,0,1,0,0,0,0,0,36
6.72,5000,8,191.0,256,180.0,7,7,1,0,1,0,0,1,0,0,0,0,0,13
6.72,5000,8,195.0,128,229.0,6,7,1,0,1,0,0,1,0,0,0,0,0,13
6.52,5000,4,192.0,64,82.656,12,7,1,0,1,0,0,1,0,0,0,0,0,77
6.38,4500,8,172.0,128,120.0,11,7,1,0,1,0,0,1,0,0,0,0,0,13
6.58,5000,8,184.0,128,110.0,11,7,1,0,1,0,0,1,0,0,0,0,0,15
6.72,5000,8,189.0,64,131.988,8,7,1,0,1,0,0,0,1,0,0,0,0,13
6.73,5000,16,227.0,256,899.0,12,7,1,1,1,1,1,0,1,0,0,0,0,51
6.5,5000,8,195.0,128,176.0,9,7,1,0,1,0,0,1,0,0,0,0,0,10
8.03,4800,12,279.0,256,227.988,11,7,1,1,1,1,1,1,1,0,0,0,0,62
6.74,4400,12,198.0,256,167.68800000000002,11,7,1,1,1,1,0,1,1,0,0,0,0,18
6.78,5000,8,177.0,128,800.0,11,7,1,0,1,0,0,1,0,0,0,0,0,13
6.8,5000,8,193.0,128,279.0,3,24,1,0,1,0,0,1,0,0,0,0,0,12
6.67,5160,8,204.0,256,529.9,12,7,1,1,1,1,1,1,1,1,1,0,0,51
6.72,5000,8,192.0,256,270.0,7,7,1,0,1,0,0,1,0,0,0,0,0,13
6.75,6000,8,199.0,128,190.0,3,23,1,0,1,0,0,1,0,0,0,0,0,77
6.67,5000,8,181.0,256,400.99,12,7,1,1,1,1,0,1,0,1,0,0,0,13
6.1,4385,8,193.0,128,394.0,1,7,1,1,1,1,0,1,1,1,1,0,0,13
7.6,4821,12,283.0,256,1750.0,1,7,1,1,1,1,0,1,1,1,1,0,0,59
6.43,5000,8,182.0,128,240.0,8,7,1,0,1,0,0,1,0,0,0,0,0,13
6.64,5000,8,190.0,128,1330.0,11,7,1,0,1,0,0,1,0,0,0,0,0,12
6.7,5000,8,183.0,256,486.3,8,7,1,1,1,1,0,1,1,0,0,1,1,16
6.7,5000,8,183.0,128,329.9,8,7,1,1,1,1,0,1,1,0,0,1,1,16
6.5,5000,12,187.0,256,1079.0,10,7,1,1,1,1,0,0,0,1,0,0,0,55
6.1,5000,8,159.0,128,378.0,10,7,1,0,1,0,0,1,0,0,0,0,0,18
6.72,5000,8,192.0,256,290.0,7,7,1,0,1,0,0,1,0,0,0,0,0,13
6.74,5000,6,182.0,64,100.0,8,7,1,0,1,0,0,1,0,0,0,0,0,13
6.38,4500,8,172.0,128,210.0,11,7,1,0,1,0,0,1,0,0,0,0,0,13
6.78,5000,16,192.0,256,220.0,11,7,1,1,1,1,1,1,1,0,0,0,0,38
6.78,5000,16,192.0,256,180.0,11,7,1,1,1,1,1,1,1,0,0,0,0,38
6.95,7000,8,214.0,128,280.0,3,24,1,0,1,0,0,1,0,0,0,0,0,11
6.78,4600,8,178.0,128,330.0,11,7,1,1,1,1,0,1,0,0,0,0,0,13
6.74,4600,16,186.0,256,330.0,7,7,1,1,1,1,0,1,0,1,0,0,0,36
6.74,4700,16,194.0,256,520.0,7,7,1,1,1,1,0,0,1,0,0,1,0,36
6.7,4600,8,180.0,256,270.0,7,7,1,1,1,1,0,1,1,0,0,0,0,16
6.55,4500,16,174.0,256,330.0,12,7,1,1,1,1,0,1,1,1,0,0,1,13
6.72,5000,8,195.0,128,899.0,7,7,1,0,1,0,0,1,0,0,0,0,0,13
6.64,5000,8,202.0,128,360.0,11,7,1,0,1,0,0,1,0,0,0,0,0,12
6.64,5000,8,190.0,256,200.0,11,7,1,0,1,0,0,1,0,0,0,0,0,12
6.7,5000,8,183.0,256,392.79,2,7,1,1,1,1,0,1,1,0,0,0,0,29
6.78,5000,16,192.0,256,440.0,2,7,1,1,1,1,0,1,1,0,0,0,0,34
6.6,5080,8,200.0,128,340.0,12,7,1,1,1,1,0,1,1,1,1,0,0,17
6.78,5000,8,177.0,256,430.0,11,7,1,0,1,0,0,1,0,0,0,0,0,13
6.64,5000,8,190.0,128,280.0,11,7,1,0,1,0,0,1,0,0,0,0,0,12
6.74,5000,6,182.0,128,179.9,8,7,1,0,1,0,0,1,0,0,0,0,0,13
6.78,4600,8,186.0,256,400.0,11,7,1,1,1,1,0,1,0,0,0,0,0,38
6.78,4600,8,188.0,256,330.0,11,7,1,1,1,1,0,1,0,0,0,0,0,38
6.78,4600,12,186.0,512,240.0,11,7,1,1,1,1,0,1,0,0,0,0,0,38
6.78,5000,8,177.0,128,410.0,11,7,1,0,1,0,0,1,0,0,0,0,0,13
6.7,6000,8,199.0,256,380.28,9,7,1,1,1,1,0,1,1,0,0,0,0,13
6.72,5000,8,195.0,128,299.99,6,7,1,0,1,0,0,1,0,0,0,0,0,13
6.79,5000,8,198.0,128,134.0,12,7,1,0,1,0,0,1,0,0,0,0,0,17
6.7,4500,8,179.0,256,199.0,2,7,1,0,1,0,0,1,0,0,0,0,0,12
6.64,5000,8,202.0,128,220.0,11,7,1,0,1,0,0,1,0,0,0,0,0,12
6.67,5000,12,188.0,256,220.0,12,0,1,0,1,0,0,0,1,0,0,0,0,13
6.78,4810,8,197.0,256,191.988,11,7,1,1,1,1,0,0,1,0,0,0,0,38
6.79,5000,8,199.0,128,150.0,12,7,1,0,1,0,0,1,0,0,0,0,0,17
6.5,6000,8,208.0,128,227.988,9,7,1,1,1,1,0,1,0,0,0,0,0,10
6.78,4700,16,207.0,256,419.988,11,7,1,1,1,1,1,1,1,1,1,0,0,51
6.78,5000,8,197.0,128,510.0,11,7,1,1,1,1,0,1,0,0,0,0,0,13
6.56,5200,8,188.0,128,180.0,2,7,1,0,1,0,0,1,0,0,0,0,0,78
6.7,4500,8,179.0,256,180.0,2,7,1,0,1,0,0,1,0,0,0,0,0,12
6.74,5000,8,193.0,128,429.0,6,7,1,1,1,1,0,0,1,1,0,0,0,36
6.7,5000,8,184.0,128,323.988,6,7,1,1,1,1,0,1,0,1,0,0,0,16
6.78,5800,8,185.0,128,180.0,2,7,1,1,1,1,0,1,0,0,0,0,0,30
6.43,5000,8,182.0,128,215.988,8,7,1,0,1,0,0,1,0,0,0,0,0,13
6.7,5000,8,185.0,128,287.988,8,7,1,1,1,1,0,1,0,1,0,0,0,16
6.7,4600,12,185.0,256,479.0,7,7,1,1,1,1,0,1,0,0,0,1,0,16
6.7,5000,8,185.0,128,200.0,7,7,1,1,1,1,0,1,0,0,0,1,0,16
6.43,5000,8,180.0,128,250.0,7,7,1,0,1,0,0,1,0,0,0,0,0,13
6.51,5000,4,186.0,64,500.0,11,7,1,0,1,0,0,1,0,0,0,0,0,77
7.92,5000,16,231.0,256,1130.0,2,7,1,1,1,1,0,0,1,0,0,0,0,64
6.74,5000,6,186.0,64,110.0,8,7,1,0,1,0,0,1,0,0,0,0,0,13
6.64,5000,6,190.0,128,140.0,11,7,1,0,1,0,0,1,0,0,0,0,0,12
8.8,6550,16,350.0,256,300.0,5,7,1,0,1,0,0,1,0,0,0,0,0,54
6.74,5000,4,186.0,64,150.0,8,7,1,0,1,0,0,1,0,0,0,0,0,77
6.7,5000,8,184.0,256,759.0,7,7,1,1,1,1,0,1,0,1,0,0,0,13
6.72,5000,6,192.0,128,150.0,7,7,1,0,1,0,0,1,0,0,0,0,0,13
6.7,3700,8,187.0,256,899.0,9,7,1,1,1,1,0,1,1,1,1,0,1,20
7.6,4400,12,253.0,256,1498.2,9,7,1,1,1,1,1,1,1,1,1,0,1,58
6.56,5200,4,188.0,128,150.0,2,7,1,0,1,0,0,1,0,0,0,0,0,78
6.72,5000,8,190.0,128,296.0,8,7,1,0,1,0,0,1,0,0,0,0,0,13
6.4,5000,8,178.0,128,280.0,8,4,1,0,1,0,0,1,0,0,0,0,0,13
6.79,5000,8,199.0,128,120.0,12,7,1,0,1,0,0,1,0,0,0,0,0,17
6.79,5000,6,199.0,64,135.48,12,7,1,0,1,0,0,1,0,0,0,0,0,17
6.5,6000,8,208.0,128,210.0,9,7,1,1,1,1,0,1,0,0,0,0,0,10
8.03,4800,16,255.0,256,1150.0,12,7,1,1,1,1,1,0,1,0,0,0,0,62
6.67,5000,24,204.0,256,330.0,12,7,1,1,1,1,1,0,1,0,0,0,1,31
6.74,5000,24,210.0,256,380.0,6,7,1,1,1,1,0,1,1,1,1,0,0,36
6.64,5000,8,190.0,256,170.0,11,7,1,0,1,0,0,1,0,0,0,0,0,12
6.72,5000,8,190.0,128,182.88,8,7,1,0,1,0,0,1,0,0,0,0,0,13
6.74,5240,16,205.0,256,380.0,8,7,1,1,1,1,0,0,1,0,0,0,0,36
6.74,4600,24,205.0,1,470.0,8,7,1,1,1,1,0,0,1,0,0,0,0,36
6.78,4600,8,175.0,128,287.988,11,7,1,1,1,1,0,1,0,0,0,0,0,13
